StartDate,EndDate,Status,IPAddress,Progress,Duration (in seconds),Finished,RecordedDate,ResponseId,RecipientLastName,RecipientFirstName,RecipientEmail,ExternalReference,LocationLatitude,LocationLongitude,DistributionChannel,UserLanguage,1,2,3,4,Q1,Q2,Q3,Q4,Q5,Q1,Q2,Q3,Q4,Q5,Q6,Q7,Q8,Q9,Q10,Q11,Q12,Q13
Start Date,End Date,Response Type,IP Address,Progress,Duration (in seconds),Finished,Recorded Date,Response ID,Recipient Last Name,Recipient First Name,Recipient Email,External Data Reference,Location Latitude,Location Longitude,Distribution Channel,User Language,1.	I have read and understood the information provided about this research study.,"2.	I understand that my participation in this study is entirely voluntary, and I can choose to withdraw at any point without any consequences.",3.	I understand that the information I provide will be kept confidential and that my personal identity will not be disclosed in any resulting publications or presentations.,"4.	I understand that by selecting ""Yes, I agree"" to these consent questions, I am providing my electronic consent to participate in the study.",1. What's your age?,What's your Gender,What's your educational level?,What's your occupation?,Frequency of Online Platform Usage,I am concerned about how much personal information online platforms collect from me.,I trust that my privacy is adequately protected on online platforms,The security of my personal data on online platforms often worries me.,I understand how online platforms use Big Data Analytics to collect personal information.,I trust that online service providers handle my personal data ethically.,I am comfortable with how my data is used in Big Data Analytics by online service providers.,I believe online service providers are clear about how they use Big Data Analytics.,I am aware of ethical issues involved in Big Data Analytics.,I feel well informed about my rights regarding data collected by online platforms using Big Data Analytics.,I know how to report concerns about unethical use of Big Data Analytics.,I believe the benefits of Big Data Analytics justify any privacy concerns.,Online platforms should limit their use of Big Data Analytics to better protect user privacy.,Public discussions and education about Big Data Analytics' privacy and ethics are important.
"{""ImportId"":""startDate"",""timeZone"":""Europe/London""}","{""ImportId"":""endDate"",""timeZone"":""Europe/London""}","{""ImportId"":""status""}","{""ImportId"":""ipAddress""}","{""ImportId"":""progress""}","{""ImportId"":""duration""}","{""ImportId"":""finished""}","{""ImportId"":""recordedDate"",""timeZone"":""Europe/London""}","{""ImportId"":""_recordId""}","{""ImportId"":""recipientLastName""}","{""ImportId"":""recipientFirstName""}","{""ImportId"":""recipientEmail""}","{""ImportId"":""externalDataReference""}","{""ImportId"":""locationLatitude""}","{""ImportId"":""locationLongitude""}","{""ImportId"":""distributionChannel""}","{""ImportId"":""userLanguage""}","{""ImportId"":""QID28""}","{""ImportId"":""QID29""}","{""ImportId"":""QID30""}","{""ImportId"":""QID31""}","{""ImportId"":""QID1""}","{""ImportId"":""QID7""}","{""ImportId"":""QID8""}","{""ImportId"":""QID9""}","{""ImportId"":""QID11""}","{""ImportId"":""QID10""}","{""ImportId"":""QID12""}","{""ImportId"":""QID13""}","{""ImportId"":""QID14""}","{""ImportId"":""QID17""}","{""ImportId"":""QID18""}","{""ImportId"":""QID19""}","{""ImportId"":""QID22""}","{""ImportId"":""QID23""}","{""ImportId"":""QID24""}","{""ImportId"":""QID25""}","{""ImportId"":""QID26""}","{""ImportId"":""QID27""}"
2023-11-16 22:26:50,2023-11-16 22:43:22,0,5.66.113.187,100,992,1,2023-11-16 22:43:23,R_2rp7fExZiCQLNVG,,,,,51.5042,-0.2199,anonymous,EN,1,1,1,1,2,1,6,2,1,2,1,1,1,2,1,1,1,,,1,5,1
2023-11-16 22:45:47,2023-11-16 22:47:26,0,5.66.113.187,100,98,1,2023-11-16 22:47:27,R_2CZHPyXKKdW2qCY,,,,,51.5042,-0.2199,anonymous,EN,1,1,1,1,3,2,6,1,1,5,3,5,5,5,5,5,5,5,5,5,5,5
2023-11-17 14:20:57,2023-11-17 14:21:51,0,85.255.233.93,100,53,1,2023-11-17 14:21:52,R_3QDlWkzXu4VrY1Q,,,,,51.4964,-0.1224,anonymous,EN,1,1,1,1,5,3,1,6,7,1,1,3,5,3,4,4,2,5,3,2,5,3
2023-11-18 01:44:52,2023-11-18 01:47:52,0,31.205.133.67,100,179,1,2023-11-18 01:47:53,R_3eymMo2Tb5xl6Al,,,,,53.3858,-1.4616,anonymous,EN,1,1,1,1,3,1,6,4,1,1,1,1,1,1,3,1,1,1,1,1,1,1
2023-11-19 18:22:59,2023-11-19 18:32:00,0,31.205.133.73,100,540,1,2023-11-19 18:32:00,R_25LSQK98gNNxE4X,,,,,53.3858,-1.4616,anonymous,EN,1,1,1,1,2,1,6,1,1,4,1,2,1,2,2,1,1,3,2,3,5,5
2023-11-21 08:34:08,2023-11-21 08:39:41,0,148.252.133.17,100,332,1,2023-11-21 08:39:41,R_3gUgAxmqOl8zIKY,,,,,51.4964,-0.1224,anonymous,EN,1,1,1,1,2,2,5,1,1,3,4,2,4,4,4,2,4,5,4,4,4,5
2023-11-21 09:09:40,2023-11-21 09:16:49,0,92.40.190.128,100,428,1,2023-11-21 09:16:50,R_3yCP1LvcDxlxLVf,,,,,52.9538,-1.1571,anonymous,EN,1,1,1,1,2,2,6,4,1,4,4,4,4,4,2,4,4,4,5,2,4,5
2023-11-21 18:11:49,2023-11-21 18:18:31,0,176.25.46.157,100,401,1,2023-11-21 18:18:31,R_2WTgAtS34v2Y7T2,,,,,53.3858,-1.4616,anonymous,EN,1,1,1,1,3,2,6,2,1,5,3,5,4,3,3,4,4,3,2,3,4,5
2023-11-22 18:43:41,2023-11-22 18:52:27,0,102.88.33.150,100,525,1,2023-11-22 18:52:27,R_2ux35zVlQraY4Qi,,,,,7.3782,3.9062,anonymous,EN,1,1,1,1,2,2,5,1,1,2,2,3,4,4,4,3,4,4,4,4,5,4
2023-11-22 18:52:41,2023-11-22 18:55:49,0,102.88.33.150,100,187,1,2023-11-22 18:55:50,R_2YIYqYJtMWdgGCu,,,,,7.3782,3.9062,anonymous,EN,1,1,1,1,2,1,5,1,1,3,5,4,5,5,5,5,5,5,5,5,5,5
2023-11-22 18:56:07,2023-11-22 18:57:18,0,102.88.36.207,100,70,1,2023-11-22 18:57:18,R_Wcb8bVaSDJYw4LL,,,,,7.3782,3.9062,anonymous,EN,1,1,1,1,1,2,5,6,1,4,2,2,2,2,2,2,2,2,2,2,3,3
2023-11-22 18:54:47,2023-11-22 18:58:09,0,102.88.33.239,100,201,1,2023-11-22 18:58:09,R_26bTRP77vCsIZXG,,,,,7.3782,3.9062,anonymous,EN,1,1,1,1,3,1,5,1,1,3,2,4,5,2,1,3,5,3,1,3,2,3
2023-11-22 18:57:33,2023-11-22 19:01:47,0,102.88.33.150,100,253,1,2023-11-22 19:01:48,R_1pLrVtphKcF3JZg,,,,,7.3782,3.9062,anonymous,EN,1,1,1,1,3,1,6,1,1,3,3,3,4,3,3,3,4,3,5,4,4,3
2023-11-22 18:58:15,2023-11-22 19:01:52,0,102.88.33.239,100,216,1,2023-11-22 19:01:52,R_XBPIZDG8JDApqGl,,,,,7.3782,3.9062,anonymous,EN,1,1,1,1,2,2,5,2,1,5,1,5,4,1,2,3,4,2,1,4,3,5
2023-11-22 23:04:01,2023-11-22 23:08:42,1,,100,280,1,2023-11-22 23:08:43,R_290057V5DaWmsBj,,,,,53.3858,-1.4616,preview,EN,1,1,1,1,3,1,5,1,1,5,5,5,5,4,5,4,5,5,5,5,5,5
2023-11-23 00:48:25,2023-11-23 00:50:17,0,31.205.133.68,100,112,1,2023-11-23 00:50:18,R_2uKXSU0gf7IEE7i,,,,,53.3858,-1.4616,anonymous,EN,1,1,1,1,3,2,5,2,1,5,1,5,5,1,5,5,5,5,4,5,1,5
2023-11-23 00:51:16,2023-11-23 00:52:48,0,31.205.133.92,100,91,1,2023-11-23 00:52:48,R_1C3VOji1Gz5xuOD,,,,,53.3858,-1.4616,qr,EN,1,1,1,1,2,2,5,1,1,5,1,5,5,5,1,5,5,5,5,5,5,5
2023-11-23 08:27:38,2023-11-23 08:35:30,0,102.88.33.191,100,472,1,2023-11-23 08:35:31,R_3MGxoqZeHMLYBic,,,,,7.3782,3.9062,anonymous,EN,1,1,1,1,2,1,5,3,1,3,5,2,5,5,4,5,5,5,5,5,1,5
2023-11-23 10:02:52,2023-11-23 10:10:53,0,102.88.36.163,100,481,1,2023-11-23 10:10:54,R_2YrjjWGawHI8KTT,,,,,7.3782,3.9062,anonymous,EN,1,1,1,1,1,2,4,6,1,2,5,2,4,5,4,4,4,5,5,5,5,5
2023-11-23 10:10:56,2023-11-23 10:20:29,0,102.88.37.109,100,573,1,2023-11-23 10:20:30,R_306KZzaPiVv7MaV,,,,,7.3782,3.9062,anonymous,EN,1,1,1,1,2,1,6,1,2,2,4,5,4,4,3,4,4,4,4,1,1,4
2023-11-23 10:20:40,2023-11-23 10:29:03,0,102.88.36.161,100,503,1,2023-11-23 10:29:04,R_0DPX44vZTCjRWPT,,,,,7.3782,3.9062,anonymous,EN,1,1,1,1,2,2,4,6,2,2,2,3,3,3,3,3,3,3,3,3,3,3
2023-11-23 10:29:07,2023-11-23 10:30:49,0,102.88.33.194,100,102,1,2023-11-23 10:30:50,R_1P5juqWKOfFr73i,,,,,7.3782,3.9062,anonymous,EN,1,1,1,1,2,2,5,1,1,3,3,3,5,3,4,5,5,5,5,5,5,5
2023-11-23 10:30:52,2023-11-23 10:33:16,0,102.88.33.194,100,143,1,2023-11-23 10:33:17,R_3e9N84zBGnqHLpC,,,,,7.3782,3.9062,anonymous,EN,1,1,1,1,2,1,5,1,1,4,4,4,4,5,3,4,5,5,5,5,3,5
2023-11-23 10:33:19,2023-11-23 11:20:05,0,102.88.36.105,100,2806,1,2023-11-23 11:20:06,R_3n2T2JkaZDDeHcX,,,,,7.3782,3.9062,anonymous,EN,1,1,1,1,1,1,3,2,2,3,3,3,3,3,3,3,3,3,3,3,3,3
2023-11-23 11:20:08,2023-11-23 11:21:31,0,102.88.36.105,100,83,1,2023-11-23 11:21:31,R_3fe2HxbQ4jNJ6nI,,,,,7.3782,3.9062,anonymous,EN,1,1,1,1,1,1,4,3,1,3,2,2,2,2,2,2,4,3,3,3,3,4
2023-11-23 11:21:33,2023-11-23 11:23:30,0,102.88.36.105,100,116,1,2023-11-23 11:23:31,R_06Dv6V9hQP1XaRH,,,,,7.3782,3.9062,anonymous,EN,1,1,1,1,2,2,5,1,1,4,4,5,4,4,3,4,4,4,4,4,4,4
2023-11-16 22:41:53,2023-11-16 22:42:21,0,5.66.113.187,43,27,0,2023-11-23 22:42:21,R_3Gm68ljda3lYqVH,,,,,,,anonymous,EN,1,1,1,1,2,1,6,2,1,,,,,,,,,,,,,
2023-11-16 21:16:07,2023-11-17 06:49:29,0,146.70.95.139,4,34401,0,2023-11-24 06:49:32,R_24qJRvrzYdiXrMc,,,,,,,anonymous,EN,,,,,,,,,,,,,,,,,,,,,,
2023-11-23 11:23:33,2023-11-24 09:04:21,0,102.88.33.48,100,78048,1,2023-11-24 09:04:22,R_Ryq7Sp2tyWhAOVX,,,,,7.3782,3.9062,anonymous,EN,1,1,1,1,1,1,4,2,2,4,3,4,3,3,3,3,4,4,3,4,4,4
2023-11-24 09:04:46,2023-11-24 09:40:16,0,102.88.36.156,100,2130,1,2023-11-24 09:40:17,R_1ohIfXrVjioye1b,,,,,7.3782,3.9062,anonymous,EN,1,1,1,1,2,2,5,1,1,5,4,5,5,4,3,4,4,4,5,1,1,1
2023-11-24 09:40:33,2023-11-24 09:41:57,0,102.88.37.223,100,83,1,2023-11-24 09:41:57,R_eA4wMWOGXWI1tIJ,,,,,7.3782,3.9062,anonymous,EN,1,1,1,1,2,2,5,1,1,5,5,5,5,5,5,5,5,5,5,5,5,5
2023-11-24 09:42:11,2023-11-24 09:44:19,0,102.88.36.66,100,128,1,2023-11-24 09:44:20,R_PFcbzpaXUSIp6vL,,,,,7.3782,3.9062,anonymous,EN,1,1,1,1,2,2,6,1,1,5,3,2,3,5,4,3,4,5,5,3,3,5
2023-11-24 09:44:22,2023-11-24 09:49:18,0,102.88.36.66,100,295,1,2023-11-24 09:49:18,R_1NDJj7ihPRgMtN3,,,,,7.3782,3.9062,anonymous,EN,1,1,1,1,2,1,5,1,1,5,5,3,3,5,3,2,3,3,3,5,4,5
2023-11-24 09:49:20,2023-11-24 09:51:09,0,102.88.36.156,100,109,1,2023-11-24 09:51:10,R_tXqj4xPUADyHMR3,,,,,7.3782,3.9062,anonymous,EN,1,1,1,1,2,2,5,1,1,4,2,5,5,2,2,3,3,5,5,3,3,5
2023-11-24 09:51:15,2023-11-24 09:53:08,0,102.88.37.223,100,113,1,2023-11-24 09:53:08,R_3F3caW6VMgVfPdJ,,,,,7.3782,3.9062,anonymous,EN,1,1,1,1,2,1,6,1,1,3,3,5,3,4,3,5,3,4,5,2,3,4
2023-11-24 09:53:11,2023-11-24 09:54:53,0,102.88.36.66,100,101,1,2023-11-24 09:54:53,R_QgCjB70EhoaJqj7,,,,,7.3782,3.9062,anonymous,EN,1,1,1,1,1,1,4,3,1,,,,,2,2,2,2,3,2,2,3,5
2023-11-24 09:58:49,2023-11-24 10:00:12,0,102.88.33.246,100,83,1,2023-11-24 10:00:13,R_1PXZp6Vl6LUBIIp,,,,,7.3782,3.9062,anonymous,EN,1,1,1,1,2,1,5,1,1,4,3,3,3,3,3,3,3,3,3,2,3,3
2023-11-24 09:39:59,2023-11-24 10:01:02,0,143.52.86.185,100,1263,1,2023-11-24 10:01:03,R_TtsfVzhvnjr5szL,,,,,53.4128,-2.1644,anonymous,EN,1,1,1,1,3,1,6,1,1,4,4,4,4,3,3,2,4,4,2,3,3,5
2023-11-17 18:51:45,2023-11-17 18:52:15,0,104.28.89.58,4,30,0,2023-11-24 18:52:16,R_27qlFm5PdNkHcsP,,,,,,,anonymous,EN,,,,,,,,,,,,,,,,,,,,,,
2023-11-17 16:46:41,2023-11-23 00:55:25,0,31.205.133.92,87,461323,0,2023-11-30 00:55:27,R_2QXoVSZjdJ5jhWw,,,,,,,anonymous,EN,1,1,1,1,3,1,5,2,1,5,5,5,5,,,,,,,,,
2023-11-24 10:00:15,2023-11-24 10:00:25,0,102.88.33.246,22,10,0,2023-12-01 10:00:31,R_1LwymdvcBL1i0cx,,,,,,,anonymous,EN,1,1,1,1,,,,,,,,,,,,,,,,,,
2023-12-01 12:18:20,2023-12-01 12:21:35,0,102.88.33.251,100,195,1,2023-12-01 12:21:35,R_bj6qdsqMtUscYgh,,,,,7.3782,3.9062,anonymous,EN,1,1,1,1,2,2,5,1,1,3,3,3,3,3,3,3,4,4,5,4,4,4
2023-12-01 12:24:36,2023-12-01 12:26:32,0,102.88.36.59,100,116,1,2023-12-01 12:26:33,R_3G6yP9SdToM93Lw,,,,,7.3782,3.9062,anonymous,EN,1,1,1,1,2,2,6,1,1,3,3,3,4,3,4,4,4,3,4,4,4,4
2023-12-01 12:26:36,2023-12-01 12:29:33,0,102.88.36.59,100,177,1,2023-12-01 12:29:34,R_2BhWoc643R1dHYu,,,,,7.3782,3.9062,anonymous,EN,1,1,1,1,2,2,5,1,1,3,2,3,2,2,4,4,4,4,4,4,4,4
2023-12-01 12:29:36,2023-12-01 12:37:57,0,146.70.104.54,100,500,1,2023-12-01 12:37:57,R_1KOBixIzgqil2UN,,,,,51.5064,-0.02,anonymous,EN,1,1,1,1,1,2,4,1,1,2,4,4,4,4,4,4,4,4,5,2,4,4
2023-12-01 12:38:02,2023-12-01 12:51:03,0,146.70.104.54,100,780,1,2023-12-01 12:51:03,R_3RltPvudEGWtSxr,,,,,51.5064,-0.02,anonymous,EN,1,1,1,1,1,2,5,1,1,2,4,4,4,4,4,4,4,4,4,4,4,5
2023-12-01 12:51:11,2023-12-01 12:56:24,0,146.70.104.54,100,313,1,2023-12-01 12:56:25,R_22XiXtM1mYx93Im,,,,,51.5064,-0.02,anonymous,EN,1,1,1,1,2,2,5,1,1,2,4,4,4,4,4,4,4,4,4,4,5,5
2023-12-01 12:56:28,2023-12-01 12:58:15,0,146.70.104.54,100,107,1,2023-12-01 12:58:15,R_26axtUZC5TP9Kr4,,,,,51.5064,-0.02,anonymous,EN,1,1,1,1,2,2,5,2,1,4,3,4,3,4,4,4,3,4,5,4,3,3
2023-12-01 12:58:19,2023-12-01 13:00:32,0,146.70.104.54,100,133,1,2023-12-01 13:00:32,R_DosXaGAoyoCG8MN,,,,,51.5064,-0.02,anonymous,EN,1,1,1,1,2,1,5,1,1,3,3,3,4,5,4,5,4,4,4,4,4,4
2023-12-01 13:00:38,2023-12-01 13:02:46,0,146.70.104.54,100,128,1,2023-12-01 13:02:46,R_3KMY8ti2G40wsp8,,,,,51.5064,-0.02,anonymous,EN,1,1,1,1,2,1,5,1,1,3,3,4,4,4,4,4,4,4,4,4,4,5
2023-12-01 13:02:52,2023-12-01 13:05:28,0,146.70.104.54,100,156,1,2023-12-01 13:05:28,R_3Mm4Nqkb7OPbJfK,,,,,51.5064,-0.02,anonymous,EN,1,1,1,1,2,1,5,1,1,4,4,4,4,4,4,4,4,4,5,5,5,5
2023-12-01 13:05:37,2023-12-01 13:08:55,0,146.70.104.54,100,197,1,2023-12-01 13:08:55,R_3UjGlmou7Dy2LAt,,,,,51.5064,-0.02,anonymous,EN,1,1,1,1,1,1,5,1,1,1,4,4,4,4,4,4,4,4,4,4,5,5
2023-12-01 13:09:00,2023-12-01 13:13:18,0,146.70.104.54,100,257,1,2023-12-01 13:13:18,R_1jdObdUS7GnJMjf,,,,,51.5064,-0.02,anonymous,EN,1,1,1,1,2,1,5,1,1,1,4,4,4,4,5,4,4,4,4,4,4,4
2023-12-01 13:13:21,2023-12-01 13:15:31,0,146.70.104.54,100,130,1,2023-12-01 13:15:32,R_1CD841on0KGawhi,,,,,51.5064,-0.02,anonymous,EN,1,1,1,1,2,2,5,1,1,4,4,5,2,4,4,4,4,4,4,5,4,4
2023-12-01 13:21:13,2023-12-01 13:25:19,0,146.70.95.139,100,246,1,2023-12-01 13:25:20,R_31TLC5DKH5G9OtD,,,,,51.5064,-0.02,anonymous,EN,1,1,1,1,1,1,5,1,1,5,2,5,3,2,4,3,3,3,5,4,4,5
2023-12-01 13:25:32,2023-12-01 13:27:27,0,146.70.104.54,100,114,1,2023-12-01 13:27:28,R_3F3ClvuhY7jnIAT,,,,,51.5064,-0.02,anonymous,EN,1,1,1,1,2,2,5,1,1,3,4,4,4,4,4,5,4,5,4,2,3,5
2023-12-01 13:27:39,2023-12-01 13:30:25,0,146.70.104.54,100,165,1,2023-12-01 13:30:25,R_1OW6IDkr5t4nTxR,,,,,51.5064,-0.02,anonymous,EN,1,1,1,1,1,1,3,2,2,3,4,3,2,4,4,3,2,1,3,2,3,4
2023-12-01 13:31:17,2023-12-01 13:59:06,0,146.70.104.54,100,1668,1,2023-12-01 13:59:06,R_1DLRhDsYbm5BNLe,,,,,51.5064,-0.02,anonymous,EN,1,1,1,1,2,1,6,5,1,5,4,4,4,4,4,5,5,4,3,5,5,5
2023-12-01 13:59:14,2023-12-01 14:01:39,0,146.70.104.54,100,144,1,2023-12-01 14:01:39,R_3QF2ejS8nLPGd8S,,,,,51.5064,-0.02,anonymous,EN,1,1,1,1,1,1,5,1,1,4,3,4,5,4,4,2,3,4,4,4,3,5
2023-12-01 14:02:13,2023-12-01 14:10:28,0,146.70.104.54,100,494,1,2023-12-01 14:10:29,R_2QxGSqp3WkGi73n,,,,,51.5064,-0.02,anonymous,EN,1,1,1,1,2,1,5,1,1,3,4,4,4,4,4,4,4,4,4,2,3,4
2023-12-01 14:10:38,2023-12-01 14:25:33,0,146.70.104.54,100,895,1,2023-12-01 14:25:34,R_Wp49fbeZHql3Yyt,,,,,51.5064,-0.02,anonymous,EN,1,1,1,1,2,2,5,1,1,4,3,4,4,3,3,4,4,4,5,4,4,4
2023-12-01 14:25:37,2023-12-01 14:27:38,0,146.70.104.54,100,121,1,2023-12-01 14:27:39,R_1FbtlLtzRUU6AyC,,,,,51.5064,-0.02,anonymous,EN,1,1,1,1,2,2,5,1,1,4,2,4,4,2,2,2,4,4,4,4,4,4
2023-12-01 14:27:41,2023-12-01 14:30:58,0,146.70.104.54,100,197,1,2023-12-01 14:30:58,R_QiyMakpZL0xpXNL,,,,,51.5064,-0.02,anonymous,EN,1,1,1,1,2,1,5,1,1,3,3,4,4,4,4,4,4,4,4,4,4,3
2023-12-01 18:31:35,2023-12-01 18:33:40,0,89.47.62.104,100,124,1,2023-12-01 18:33:41,R_81ydR5zkmnwbPa1,,,,,51.5064,-0.02,anonymous,EN,1,1,1,1,2,2,5,1,1,3,2,4,4,4,3,3,4,4,2,3,3,4
2023-12-01 18:35:42,2023-12-01 18:37:44,0,89.47.62.104,100,122,1,2023-12-01 18:37:44,R_2dLtTRNl9LRi03I,,,,,51.5064,-0.02,anonymous,EN,1,1,1,1,2,1,5,1,1,4,3,4,4,2,3,3,3,2,4,2,2,4
2023-12-01 18:37:48,2023-12-01 18:39:19,0,89.47.62.104,100,90,1,2023-12-01 18:39:19,R_2tJeyk7aOLFW1bc,,,,,51.5064,-0.02,anonymous,EN,1,1,1,1,1,1,3,3,2,4,3,3,2,3,3,2,2,3,3,3,3,4
2023-12-01 18:39:23,2023-12-01 18:41:20,0,89.47.62.104,100,117,1,2023-12-01 18:41:21,R_8ekyw8fflIaAZnX,,,,,51.5064,-0.02,anonymous,EN,1,1,1,1,2,1,5,1,1,3,3,3,2,2,3,4,3,3,3,2,4,4
2023-12-01 18:41:26,2023-12-01 18:43:09,0,89.47.62.104,100,103,1,2023-12-01 18:43:10,R_22KpAwFmdvCnRR5,,,,,51.5064,-0.02,anonymous,EN,1,1,1,1,2,2,5,1,1,5,4,5,3,2,3,3,3,3,2,3,3,4
2023-12-01 18:43:13,2023-12-01 18:45:03,0,89.47.62.104,100,109,1,2023-12-01 18:45:03,R_3RwQjbotHFV1c0W,,,,,51.5064,-0.02,anonymous,EN,1,1,1,1,2,2,5,1,1,2,3,3,3,4,2,2,2,3,3,2,2,4
2023-12-01 18:45:07,2023-12-01 18:51:36,0,146.70.95.151,100,389,1,2023-12-01 18:51:37,R_3EGf2hBuh7LbcAO,,,,,51.5064,-0.02,anonymous,EN,1,1,1,1,2,2,5,1,2,2,1,4,2,4,3,3,3,3,3,3,4,4
2023-12-01 18:51:41,2023-12-01 18:54:24,0,217.138.254.73,100,163,1,2023-12-01 18:54:25,R_3HixMj20SevxnER,,,,,51.4964,-0.1224,anonymous,EN,1,1,1,1,2,2,6,1,1,1,3,3,2,3,3,3,3,3,3,3,2,3
2023-12-01 18:54:38,2023-12-01 20:16:42,0,89.47.62.104,43,4924,0,2023-12-08 20:16:49,R_2z76qgpLJq0upGQ,,,,,,,anonymous,EN,1,1,1,1,1,2,3,2,2,,,,,,,,,,,,,
2023-12-09 11:18:08,2023-12-09 11:21:49,0,146.70.104.19,100,221,1,2023-12-09 11:21:50,R_2BA1n1ZaPkzaXNV,,,,,51.5064,-0.02,anonymous,EN,1,1,1,1,2,1,5,2,1,2,2,3,2,3,3,4,4,3,2,3,4,4
2023-12-09 11:22:00,2023-12-09 11:23:56,0,146.70.104.19,100,115,1,2023-12-09 11:23:56,R_3g0flCdiCYwsJzv,,,,,51.5064,-0.02,anonymous,EN,1,1,1,1,2,2,5,1,1,3,3,4,4,3,2,3,4,4,4,4,4,4
2023-12-09 11:24:01,2023-12-09 11:26:06,0,146.70.104.19,100,125,1,2023-12-09 11:26:06,R_7VEfJ9ebvK0REFr,,,,,51.5064,-0.02,anonymous,EN,1,1,1,1,2,1,5,1,1,4,3,3,4,4,4,3,4,4,5,4,4,4
2023-12-09 11:26:10,2023-12-09 11:27:40,0,146.70.104.19,100,90,1,2023-12-09 11:27:41,R_Q662qu3Lk1w5yQF,,,,,51.5064,-0.02,anonymous,EN,1,1,1,1,3,2,6,1,1,4,2,4,3,3,3,4,3,3,4,3,4,5
2023-12-09 11:27:44,2023-12-09 11:29:21,0,146.70.104.19,100,96,1,2023-12-09 11:29:21,R_1K2aJHQR7LV2WlY,,,,,51.5064,-0.02,anonymous,EN,1,1,1,1,2,2,5,1,2,3,3,4,3,2,2,2,3,2,3,3,3,3
2023-12-09 11:29:30,2023-12-09 11:31:29,0,146.70.104.19,100,118,1,2023-12-09 11:31:30,R_87djqHWGkBSrgm5,,,,,51.5064,-0.02,anonymous,EN,1,1,1,1,2,1,5,1,1,2,2,2,2,2,3,3,2,3,2,2,4,3
2023-12-09 11:31:34,2023-12-09 11:33:13,0,146.70.104.19,100,99,1,2023-12-09 11:33:14,R_SNQIvilGEscpHTb,,,,,51.5064,-0.02,anonymous,EN,1,1,1,1,2,2,5,1,1,3,3,4,3,3,3,3,3,3,3,3,4,5
2023-12-09 11:33:16,2023-12-09 11:35:10,0,146.70.104.19,100,114,1,2023-12-09 11:35:11,R_2cnZykUQTThWknN,,,,,51.5064,-0.02,anonymous,EN,1,1,1,1,2,2,5,1,1,3,4,4,4,4,2,3,3,3,4,4,4,5
2023-12-09 11:36:42,2023-12-09 11:38:17,0,146.70.95.136,100,95,1,2023-12-09 11:38:18,R_7aGLgmVb7bT8au5,,,,,51.5064,-0.02,anonymous,EN,1,1,1,1,2,1,6,1,1,3,3,5,4,3,4,4,2,2,4,3,5,5
2023-12-09 11:38:21,2023-12-09 11:40:15,0,146.70.95.136,100,114,1,2023-12-09 11:40:16,R_3et8iGd6juxtML2,,,,,51.5064,-0.02,anonymous,EN,1,1,1,1,2,2,5,1,1,2,4,4,5,3,4,4,3,3,3,2,5,5
2023-12-09 11:40:20,2023-12-09 11:41:44,0,146.70.104.19,100,83,1,2023-12-09 11:41:44,R_1MiKkpb1PtyWfuh,,,,,51.5064,-0.02,anonymous,EN,1,1,1,1,3,1,6,1,1,2,4,4,5,4,4,4,4,4,4,3,5,4
2023-12-09 11:41:47,2023-12-09 11:43:46,0,146.70.104.19,100,118,1,2023-12-09 11:43:47,R_xzQnhg4OYho721j,,,,,51.5064,-0.02,anonymous,EN,1,1,1,1,3,2,6,1,1,3,3,4,2,4,3,3,2,4,4,2,5,3
2023-12-09 11:43:51,2023-12-09 11:45:13,0,146.70.104.19,100,81,1,2023-12-09 11:45:13,R_1d5LwhrfTGbNixo,,,,,51.5064,-0.02,anonymous,EN,1,1,1,1,2,2,5,1,1,2,2,5,2,3,3,4,4,5,4,3,4,5
2023-12-09 11:45:16,2023-12-09 11:46:54,0,146.70.104.19,100,98,1,2023-12-09 11:46:55,R_3s6dtChwVmCQYqq,,,,,51.5064,-0.02,anonymous,EN,1,1,1,1,2,1,5,2,1,3,2,3,2,3,2,2,2,2,4,2,5,5
2023-12-09 11:46:57,2023-12-09 11:52:25,0,146.70.104.19,100,327,1,2023-12-09 11:52:26,R_r8UTNsGKBCsutIl,,,,,51.5064,-0.02,anonymous,EN,1,1,1,1,2,2,5,1,1,3,3,4,4,3,4,5,4,3,5,4,4,4
2023-12-09 11:52:27,2023-12-09 11:55:01,0,146.70.104.19,100,153,1,2023-12-09 11:55:01,R_1Ng3c20DK52tnQ2,,,,,51.5064,-0.02,anonymous,EN,1,1,1,1,3,2,5,1,1,2,3,5,3,3,3,3,4,4,4,2,3,5
2023-12-09 11:55:04,2023-12-09 11:56:34,0,146.70.104.19,100,89,1,2023-12-09 11:56:34,R_1kHv0rcwHmC1ECM,,,,,51.5064,-0.02,anonymous,EN,1,1,1,1,2,1,5,1,1,3,2,5,4,2,3,3,4,3,4,3,4,5
2023-12-09 11:56:37,2023-12-09 11:59:22,0,146.70.104.19,100,164,1,2023-12-09 11:59:22,R_3J4NtrFx8If0qWh,,,,,51.5064,-0.02,anonymous,EN,1,1,1,1,2,2,5,1,1,3,3,3,4,4,4,4,3,4,4,4,4,4
2023-12-09 11:59:25,2023-12-09 12:01:23,0,146.70.104.19,100,117,1,2023-12-09 12:01:23,R_2AKIXnHsqVe1sBh,,,,,51.5064,-0.02,anonymous,EN,1,1,1,1,2,2,5,1,1,2,2,2,3,4,4,3,4,3,5,4,5,5
2023-12-09 12:01:26,2023-12-09 12:06:57,0,146.70.104.19,100,331,1,2023-12-09 12:06:58,R_2OVgwB3OP5fzLJ4,,,,,51.5064,-0.02,anonymous,EN,1,1,1,1,2,1,5,1,1,2,4,3,4,4,3,2,4,5,5,4,5,5
2023-12-09 12:07:02,2023-12-09 12:08:30,0,146.70.104.19,100,88,1,2023-12-09 12:08:30,R_2vhITuj7WaaFadf,,,,,51.5064,-0.02,anonymous,EN,1,1,1,1,2,1,5,1,1,4,2,2,4,4,4,4,4,4,4,3,4,4
2023-12-09 12:08:33,2023-12-09 12:10:27,0,146.70.104.19,100,114,1,2023-12-09 12:10:28,R_3xdyRV6Jgz9HDTX,,,,,51.5064,-0.02,anonymous,EN,1,1,1,1,2,1,5,1,1,2,3,4,3,2,3,4,3,4,5,3,5,5
2023-12-09 12:10:31,2023-12-09 12:12:00,0,146.70.104.19,100,88,1,2023-12-09 12:12:01,R_1hQg1qHHhvYoPQF,,,,,51.5064,-0.02,anonymous,EN,1,1,1,1,2,2,5,1,1,3,2,3,4,3,3,3,2,3,3,2,3,4
2023-12-09 12:12:04,2023-12-09 12:13:29,0,146.70.104.19,100,85,1,2023-12-09 12:13:30,R_2dWSpRpXmLazKmc,,,,,51.5064,-0.02,anonymous,EN,1,1,1,1,2,1,5,1,1,3,4,4,2,3,4,2,4,3,4,3,3,5
2023-12-09 12:13:32,2023-12-09 12:15:15,0,146.70.104.19,100,102,1,2023-12-09 12:15:15,R_3e2ji9u5rkKVQ13,,,,,51.5064,-0.02,anonymous,EN,1,1,1,1,2,2,5,2,1,2,3,3,3,2,2,3,2,3,4,2,4,3
2023-12-09 12:15:21,2023-12-09 12:17:09,0,146.70.104.19,100,108,1,2023-12-09 12:17:09,R_2S7ai0VEll0NVRM,,,,,51.5064,-0.02,anonymous,EN,1,1,1,1,2,2,5,2,1,4,4,4,4,4,4,4,4,4,4,3,4,4
2023-12-09 12:33:01,2023-12-09 12:34:26,0,146.70.104.19,100,84,1,2023-12-09 12:34:26,R_1GCRABTCaQFGFB7,,,,,51.5064,-0.02,anonymous,EN,1,1,1,1,2,1,5,1,1,3,3,3,4,3,3,3,4,4,4,3,3,4
2023-12-09 12:34:31,2023-12-09 12:37:24,0,146.70.104.19,100,172,1,2023-12-09 12:37:24,R_vc7VolnXI18ZsNX,,,,,51.5064,-0.02,anonymous,EN,1,1,1,1,2,2,5,1,1,3,3,4,4,4,4,3,3,3,4,2,4,4
2023-12-09 12:37:27,2023-12-09 12:40:20,0,146.70.104.19,100,172,1,2023-12-09 12:40:20,R_33BETeb1OENopcb,,,,,51.5064,-0.02,anonymous,EN,1,1,1,1,2,1,5,1,1,4,2,4,3,3,2,1,3,3,3,4,4,4
2023-12-09 12:40:25,2023-12-09 12:41:49,0,146.70.104.19,100,83,1,2023-12-09 12:41:49,R_2TBoryciV7z6O2b,,,,,51.5064,-0.02,anonymous,EN,1,1,1,1,2,2,5,1,1,3,2,4,2,2,2,3,4,2,4,3,4,5
2023-12-09 12:41:53,2023-12-09 12:45:05,0,146.70.95.137,100,192,1,2023-12-09 12:45:06,R_1hKMmXruWz2G7Ek,,,,,51.5064,-0.02,anonymous,EN,1,1,1,1,2,1,5,1,1,4,2,4,2,3,3,3,3,3,2,3,3,3
2023-12-09 12:45:08,2023-12-09 12:47:21,0,146.70.104.19,100,132,1,2023-12-09 12:47:22,R_vCB543nPHmkZAFH,,,,,51.5064,-0.02,anonymous,EN,1,1,1,1,2,1,5,1,1,2,2,3,3,3,2,2,3,3,4,4,4,3
2023-12-09 12:47:29,2023-12-09 12:51:19,0,146.70.104.19,100,230,1,2023-12-09 12:51:20,R_2doLZiKzZ7pZyy8,,,,,51.5064,-0.02,anonymous,EN,1,1,1,1,3,2,6,1,1,4,4,3,2,4,4,2,3,3,5,2,2,2
2023-12-09 12:51:24,2023-12-09 13:02:56,0,89.47.62.103,100,692,1,2023-12-09 13:02:57,R_31EnrTalfR5ofcO,,,,,51.5064,-0.02,anonymous,EN,1,1,1,1,2,2,5,1,1,2,3,4,4,4,3,3,2,3,2,3,3,4
2023-12-09 13:03:18,2023-12-09 13:06:45,0,217.138.254.78,100,207,1,2023-12-09 13:06:46,R_0cTc87wdkMfrfvH,,,,,51.4964,-0.1224,anonymous,EN,1,1,1,1,2,2,5,1,1,2,3,3,3,2,2,2,2,2,3,3,4,5
2023-12-09 13:11:15,2023-12-09 13:14:32,0,94.6.141.119,100,196,1,2023-12-09 13:14:33,R_1DHeScMPyl7rG6D,,,,,51.8686,-2.2446,anonymous,EN,1,1,1,1,2,2,6,1,1,4,5,5,4,2,5,1,1,1,1,1,1,5
2023-12-09 13:07:11,2023-12-09 13:15:29,0,217.138.254.78,100,497,1,2023-12-09 13:15:29,R_p6uvB5qzXcOfveV,,,,,51.4964,-0.1224,anonymous,EN,1,1,1,1,2,1,5,1,1,3,3,5,2,2,2,2,3,2,3,2,4,4
2023-12-10 18:26:21,2023-12-10 18:29:48,0,148.252.129.51,100,206,1,2023-12-10 18:29:49,R_3mkOHoLRNHGSVNO,,,,,51.4964,-0.1224,anonymous,EN,1,1,1,1,3,2,6,4,1,5,1,5,1,5,1,4,5,5,5,5,5,5
2023-12-10 18:30:34,2023-12-10 18:33:12,0,148.252.129.51,100,157,1,2023-12-10 18:33:12,R_1FJJNDUIvnf7y5f,,,,,51.4964,-0.1224,anonymous,EN,1,1,1,1,3,2,6,4,1,1,1,1,2,4,1,1,1,2,4,5,5,5
2023-12-10 18:33:42,2023-12-10 18:35:35,0,148.252.129.51,100,112,1,2023-12-10 18:35:35,R_yrKf6sJqmLJzpYZ,,,,,51.4964,-0.1224,anonymous,EN,1,1,1,1,2,1,6,4,1,3,4,5,1,5,4,5,4,5,5,4,1,2
2023-12-10 23:24:27,2023-12-10 23:28:07,0,2.30.176.27,100,219,1,2023-12-10 23:28:08,R_3fK2jHNEX5PWi4g,,,,,53.3858,-1.4616,anonymous,EN,1,1,1,1,4,1,7,2,1,4,3,5,3,4,2,3,3,4,4,3,3,4
2023-12-11 09:40:48,2023-12-11 09:46:21,0,146.70.104.28,100,333,1,2023-12-11 09:46:22,R_djrLGQmPNgsT82t,,,,,51.5064,-0.02,anonymous,EN,1,1,1,1,2,2,5,1,1,3,2,3,4,2,3,2,3,2,2,3,2,3
2023-12-11 09:46:25,2023-12-11 09:49:06,0,146.70.104.28,100,161,1,2023-12-11 09:49:07,R_1oBfVLBd85IBmCv,,,,,51.5064,-0.02,anonymous,EN,1,1,1,1,2,1,5,2,1,4,2,4,4,3,2,1,3,2,2,2,2,2
2023-12-11 09:49:09,2023-12-11 09:57:42,0,146.70.104.28,100,512,1,2023-12-11 09:57:42,R_2vjnjCkWZ1gEiZZ,,,,,51.5064,-0.02,anonymous,EN,1,1,1,1,2,1,5,1,1,2,3,3,3,2,3,3,3,3,3,3,3,3
2023-12-11 09:58:02,2023-12-11 10:18:14,0,146.70.104.28,100,1212,1,2023-12-11 10:18:15,R_2vdWS4Wz8EiO7tq,,,,,51.5064,-0.02,anonymous,EN,1,1,1,1,2,2,5,1,1,3,2,2,2,3,3,2,3,3,4,4,4,4
2023-12-11 10:18:21,2023-12-11 10:21:17,0,146.70.104.28,100,176,1,2023-12-11 10:21:17,R_qRBl01jY28UTvEd,,,,,51.5064,-0.02,anonymous,EN,1,1,1,1,2,2,5,1,1,4,4,2,4,2,3,2,2,2,4,2,2,5
2023-12-11 10:21:20,2023-12-11 10:23:16,0,146.70.104.28,100,115,1,2023-12-11 10:23:16,R_11ZMPHLD3Yd6BAk,,,,,51.5064,-0.02,anonymous,EN,1,1,1,1,2,1,5,1,2,4,2,3,2,2,2,2,2,2,2,2,4,5
2023-12-11 10:24:35,2023-12-11 10:27:10,0,146.70.104.28,100,154,1,2023-12-11 10:27:11,R_2wuxuqypFSTcpJb,,,,,51.5064,-0.02,anonymous,EN,1,1,1,1,2,2,5,1,1,2,4,4,4,4,4,4,4,4,4,4,4,5
2023-12-11 10:27:33,2023-12-11 10:43:10,0,146.70.104.28,100,936,1,2023-12-11 10:43:11,R_1qbbjgyUJCmIduP,,,,,51.5064,-0.02,anonymous,EN,1,1,1,1,2,2,6,1,1,4,3,4,4,3,4,3,4,4,4,4,4,4
2023-12-11 10:43:15,2023-12-11 10:48:01,0,146.70.104.28,100,285,1,2023-12-11 10:48:01,R_2c1uTKCpdqSjOqG,,,,,51.5064,-0.02,anonymous,EN,1,1,1,1,2,2,5,1,1,2,3,4,4,2,2,3,4,4,4,3,2,2
2023-12-11 10:48:04,2023-12-11 11:00:08,0,146.70.104.28,100,724,1,2023-12-11 11:00:09,R_ZrySUm0zEoQLfcl,,,,,51.5064,-0.02,anonymous,EN,1,1,1,1,2,1,5,1,1,4,2,4,4,4,4,3,4,4,4,2,4,4
2023-12-11 11:00:13,2023-12-11 11:06:40,0,146.70.104.28,100,386,1,2023-12-11 11:06:41,R_SBlA8b8dAhPD7W1,,,,,51.5064,-0.02,anonymous,EN,1,1,1,1,2,2,5,1,1,2,2,4,3,2,4,4,4,2,4,3,3,4
2023-12-11 11:07:10,2023-12-11 11:11:42,0,146.70.104.28,100,272,1,2023-12-11 11:11:43,R_2pVK91sP4G37s6M,,,,,51.5064,-0.02,anonymous,EN,1,1,1,1,2,2,5,1,1,4,2,4,4,2,2,2,3,3,3,2,2,4
2023-12-11 11:11:46,2023-12-11 11:16:21,0,146.70.104.28,100,274,1,2023-12-11 11:16:22,R_33pREHhJWfgBsDE,,,,,51.5064,-0.02,anonymous,EN,1,1,1,1,2,1,5,1,1,3,4,3,3,4,4,3,4,4,3,4,4,3
2023-12-11 11:16:25,2023-12-11 11:22:14,0,146.70.104.28,100,348,1,2023-12-11 11:22:14,R_3m1B95GYag27plf,,,,,51.5064,-0.02,anonymous,EN,1,1,1,1,2,1,5,1,1,2,3,4,4,4,4,4,3,4,4,4,4,5
2023-12-11 11:22:18,2023-12-11 11:24:33,0,146.70.104.28,100,135,1,2023-12-11 11:24:34,R_3fDXivX8YELbzm5,,,,,51.5064,-0.02,anonymous,EN,1,1,1,1,2,1,5,1,1,2,3,3,4,3,4,4,3,3,4,4,3,4
2023-12-11 11:46:16,2023-12-11 11:49:00,0,146.70.104.28,100,163,1,2023-12-11 11:49:00,R_3fdWxBVP4Koixzy,,,,,51.5064,-0.02,anonymous,EN,1,1,1,1,2,1,5,1,1,2,2,3,3,2,3,3,2,4,3,2,2,4
2023-12-11 11:49:03,2023-12-11 11:51:55,0,146.70.104.28,100,172,1,2023-12-11 11:51:57,R_cN47UJyBs0Sr2qB,,,,,51.5064,-0.02,anonymous,EN,1,1,1,1,2,2,5,1,1,2,2,2,4,4,4,4,4,4,4,4,4,4
2023-12-11 11:52:00,2023-12-11 12:04:13,0,146.70.104.28,100,732,1,2023-12-11 12:04:13,R_3fUbC7s3wrGGpO1,,,,,51.5064,-0.02,anonymous,EN,1,1,1,1,2,2,5,1,1,3,2,3,3,3,2,4,3,3,4,4,4,4
2023-12-11 12:04:17,2023-12-11 12:10:23,0,146.70.104.28,100,366,1,2023-12-11 12:10:24,R_3096qVD95hOmMD2,,,,,51.5064,-0.02,anonymous,EN,1,1,1,1,2,1,5,1,1,2,3,3,4,4,2,3,3,4,4,3,4,4
2023-12-11 12:10:26,2023-12-11 12:12:30,0,146.70.104.28,100,123,1,2023-12-11 12:12:30,R_shuI07831hVzuNj,,,,,51.5064,-0.02,anonymous,EN,1,1,1,1,2,1,5,1,1,4,4,4,2,3,4,4,2,4,4,3,4,4
2023-12-11 12:12:34,2023-12-11 12:14:22,0,146.70.104.28,100,107,1,2023-12-11 12:14:22,R_1mVgwWi68r3jesR,,,,,51.5064,-0.02,anonymous,EN,1,1,1,1,2,1,5,1,1,3,3,3,3,3,3,3,3,3,3,4,4,4
2023-12-11 12:14:25,2023-12-11 12:18:28,0,146.70.104.28,100,243,1,2023-12-11 12:18:29,R_UxTrO4ZeDNPulu9,,,,,51.5064,-0.02,anonymous,EN,1,1,1,1,2,2,5,1,1,3,4,4,4,2,4,2,4,4,4,4,4,5
2023-12-11 12:18:31,2023-12-11 12:24:59,0,146.70.104.28,100,387,1,2023-12-11 12:24:59,R_1OCwsgy8DoZ5wpJ,,,,,51.5064,-0.02,anonymous,EN,1,1,1,1,2,2,5,1,1,3,4,4,4,4,3,3,3,3,4,2,3,5
2023-12-11 12:25:01,2023-12-11 12:27:42,0,146.70.104.28,100,160,1,2023-12-11 12:27:42,R_110UZFSIIlLsmQK,,,,,51.5064,-0.02,anonymous,EN,1,1,1,1,2,1,5,1,1,2,3,3,4,4,4,3,2,3,3,3,4,4
2023-12-11 12:27:56,2023-12-11 12:31:10,0,146.70.104.28,100,193,1,2023-12-11 12:31:11,R_ZaBZZwiWWDVv49b,,,,,51.5064,-0.02,anonymous,EN,1,1,1,1,2,1,5,1,1,3,3,4,4,4,4,4,3,2,2,2,2,2
2023-12-11 12:31:18,2023-12-11 12:33:47,0,146.70.104.28,100,149,1,2023-12-11 12:33:48,R_1H5oW1Lz8dadeJu,,,,,51.5064,-0.02,anonymous,EN,1,1,1,1,2,2,5,1,1,4,2,3,3,2,2,2,4,4,3,4,4,4
2023-12-11 12:33:50,2023-12-11 12:35:43,0,146.70.104.28,100,112,1,2023-12-11 12:35:43,R_wTajEvNW21Hqkox,,,,,51.5064,-0.02,anonymous,EN,1,1,1,1,2,1,5,1,1,2,2,3,3,4,4,4,4,4,4,4,4,4
2023-12-11 12:35:47,2023-12-11 12:38:40,0,146.70.104.28,100,172,1,2023-12-11 12:38:40,R_1nPgbiRI0WHfAzg,,,,,51.5064,-0.02,anonymous,EN,1,1,1,1,2,1,5,1,1,3,4,4,3,3,2,2,3,3,3,2,2,2
2023-12-11 12:39:00,2023-12-11 12:54:59,0,146.70.104.28,100,958,1,2023-12-11 12:54:59,R_povdWusMmIBUzqp,,,,,51.5064,-0.02,anonymous,EN,1,1,1,1,2,2,5,1,1,2,2,4,4,4,3,4,4,5,4,4,5,5
2023-12-11 12:55:02,2023-12-11 12:57:58,0,146.70.104.28,100,176,1,2023-12-11 12:57:58,R_1i5aJiWdEciy2Zb,,,,,51.5064,-0.02,anonymous,EN,1,1,1,1,2,2,5,1,1,3,2,2,2,2,2,2,2,2,2,2,1,2
2023-12-11 12:58:02,2023-12-11 13:03:02,0,146.70.104.28,100,299,1,2023-12-11 13:03:02,R_3CO7g2ts7n9Xqe9,,,,,51.5064,-0.02,anonymous,EN,1,1,1,1,2,2,5,1,1,4,3,4,3,3,2,4,4,3,3,3,4,4
2023-12-11 13:10:22,2023-12-11 13:13:33,0,146.70.104.28,100,190,1,2023-12-11 13:13:33,R_1JWKl6Z4nmkkXE8,,,,,51.5064,-0.02,anonymous,EN,1,1,1,1,2,1,5,1,1,3,2,3,2,2,4,4,4,4,4,4,4,4
2023-12-11 13:13:36,2023-12-11 13:16:43,0,146.70.104.28,100,187,1,2023-12-11 13:16:44,R_3oKP88oQX5bG6ER,,,,,51.5064,-0.02,anonymous,EN,1,1,1,1,2,2,5,1,1,4,2,4,3,3,3,4,4,4,4,4,4,4
2023-12-11 13:16:50,2023-12-11 13:19:38,0,146.70.104.28,100,168,1,2023-12-11 13:19:39,R_32IRbwyWw1Y2QXm,,,,,51.5064,-0.02,anonymous,EN,1,1,1,1,2,1,5,1,1,4,3,3,3,4,2,3,2,2,4,2,4,5
2023-12-11 13:19:42,2023-12-11 13:22:21,0,146.70.104.28,100,159,1,2023-12-11 13:22:22,R_3G0Y2jkeegv2nnv,,,,,51.5064,-0.02,anonymous,EN,1,1,1,1,2,2,5,1,1,2,3,4,4,4,4,3,4,4,4,4,5,5
2023-12-11 13:22:25,2023-12-11 13:25:57,0,146.70.104.28,100,211,1,2023-12-11 13:25:57,R_3M9kdmHyKCcqwdM,,,,,51.5064,-0.02,anonymous,EN,1,1,1,1,2,2,5,1,1,3,3,4,4,4,4,4,4,4,4,4,4,5
2023-12-11 13:26:01,2023-12-11 13:28:38,0,146.70.104.28,100,156,1,2023-12-11 13:28:38,R_2PAoq0oQ0hq01wN,,,,,51.5064,-0.02,anonymous,EN,1,1,1,1,2,1,5,1,1,3,2,4,4,3,2,2,4,3,3,2,4,5
2023-12-11 13:28:44,2023-12-11 13:32:14,0,146.70.104.28,100,210,1,2023-12-11 13:32:15,R_10xtOEqk2DUJuI9,,,,,51.5064,-0.02,anonymous,EN,1,1,1,1,2,2,5,1,1,3,4,3,2,2,2,2,4,4,4,4,4,5
2023-12-11 13:32:56,2023-12-11 13:36:34,0,146.70.104.28,100,218,1,2023-12-11 13:36:35,R_3isxK1jF4PdPr1V,,,,,51.5064,-0.02,anonymous,EN,1,1,1,1,2,2,5,1,1,3,4,3,4,4,4,3,3,4,4,4,4,4
2023-12-11 13:36:52,2023-12-11 13:44:32,0,146.70.104.28,100,460,1,2023-12-11 13:44:32,R_ZpLlPiNyD1cAFLX,,,,,51.5064,-0.02,anonymous,EN,1,1,1,1,2,2,5,1,1,3,3,3,3,3,3,3,4,4,4,4,5,5
2023-12-11 13:45:07,2023-12-11 13:49:23,0,146.70.104.28,100,255,1,2023-12-11 13:49:23,R_27BWHVAemVBxNdB,,,,,51.5064,-0.02,anonymous,EN,1,1,1,1,2,1,5,1,1,2,2,4,4,2,2,4,4,4,3,2,4,4
2023-12-11 13:49:29,2023-12-11 13:52:41,0,146.70.104.28,100,192,1,2023-12-11 13:52:42,R_AGxuWfHYB40N0KB,,,,,51.5064,-0.02,anonymous,EN,1,1,1,1,2,2,5,1,1,3,2,4,4,3,3,3,3,3,2,4,4,4
2023-12-11 13:52:45,2023-12-11 13:56:18,0,146.70.104.28,100,212,1,2023-12-11 13:56:19,R_1OppZezQ3V0yz0v,,,,,51.5064,-0.02,anonymous,EN,1,1,1,1,2,2,5,1,1,4,4,4,4,3,4,4,4,4,4,3,4,5
2023-12-11 13:56:25,2023-12-11 14:00:39,0,146.70.95.147,100,253,1,2023-12-11 14:00:39,R_VKEWMNtI1XzUv2V,,,,,51.5064,-0.02,anonymous,EN,1,1,1,1,3,2,5,1,1,3,3,4,3,2,2,3,2,3,3,3,4,5
2023-12-11 14:00:45,2023-12-11 14:02:56,0,146.70.95.147,100,131,1,2023-12-11 14:02:57,R_33rPiSIpix6YtXS,,,,,51.5064,-0.02,anonymous,EN,1,1,1,1,2,1,5,1,1,2,2,4,4,4,4,4,4,4,4,4,4,4
2023-12-11 14:03:02,2023-12-11 14:06:46,0,146.70.104.28,100,223,1,2023-12-11 14:06:46,R_2zAxZyi5zgmOTrw,,,,,51.5064,-0.02,anonymous,EN,1,1,1,1,2,1,5,1,1,3,4,4,4,4,4,4,4,4,4,4,4,4
2023-12-11 14:06:53,2023-12-11 14:09:07,0,146.70.104.28,100,134,1,2023-12-11 14:09:07,R_22Fb9qHfnU7UyJE,,,,,51.5064,-0.02,anonymous,EN,1,1,1,1,3,1,6,1,1,3,2,3,4,4,4,4,4,4,4,4,4,4
2023-12-11 14:09:11,2023-12-11 14:14:45,0,146.70.104.28,100,334,1,2023-12-11 14:14:45,R_baBA2y4azRidcuR,,,,,51.5064,-0.02,anonymous,EN,1,1,1,1,2,2,5,1,1,4,2,4,4,4,3,4,4,4,4,2,3,5
2023-12-11 14:14:48,2023-12-11 14:18:26,0,146.70.104.28,100,218,1,2023-12-11 14:18:27,R_sZQeoRoEfB3ruiR,,,,,51.5064,-0.02,anonymous,EN,1,1,1,1,2,1,5,1,1,2,4,2,4,4,4,3,4,4,4,4,4,4
2023-12-11 14:18:29,2023-12-11 14:20:09,0,146.70.104.28,100,99,1,2023-12-11 14:20:09,R_1F3YsPF6jkOGGGC,,,,,51.5064,-0.02,anonymous,EN,1,1,1,1,2,2,5,1,1,2,4,3,4,3,3,2,4,4,4,3,4,5
2023-12-11 14:20:16,2023-12-11 14:23:44,0,146.70.104.28,100,208,1,2023-12-11 14:23:45,R_VPhE3nE7rP9bt3X,,,,,51.5064,-0.02,anonymous,EN,1,1,1,1,2,1,5,1,1,3,2,2,3,3,3,3,4,4,4,3,3,5
2023-12-11 14:23:48,2023-12-11 14:26:21,0,146.70.104.28,100,153,1,2023-12-11 14:26:22,R_5hHmZ2ZstZqSG5j,,,,,51.5064,-0.02,anonymous,EN,1,1,1,1,2,2,5,1,1,3,3,4,4,4,4,3,4,4,4,3,3,4
2023-12-11 14:26:24,2023-12-11 14:28:41,0,146.70.104.28,100,136,1,2023-12-11 14:28:41,R_OuIAKXWpsE7IbIt,,,,,51.5064,-0.02,anonymous,EN,1,1,1,1,2,2,5,1,1,4,3,4,3,3,3,3,4,3,4,2,4,5
2023-12-11 14:28:45,2023-12-11 14:32:16,0,146.70.104.28,100,210,1,2023-12-11 14:32:16,R_3eeHFTIIn5FB5SN,,,,,51.5064,-0.02,anonymous,EN,1,1,1,1,2,2,5,1,1,4,4,4,4,2,2,4,4,4,4,3,4,5
2023-12-11 14:32:20,2023-12-11 14:37:05,0,146.70.104.28,100,285,1,2023-12-11 14:37:05,R_32VlB21kkzLN0AV,,,,,51.5064,-0.02,anonymous,EN,1,1,1,1,3,1,6,1,2,3,2,4,4,4,3,4,4,4,4,3,4,5
2023-12-11 14:37:08,2023-12-11 14:40:35,0,146.70.104.28,100,206,1,2023-12-11 14:40:35,R_1qa32QqDzWfMNNW,,,,,51.5064,-0.02,anonymous,EN,1,1,1,1,2,2,5,1,1,2,4,4,4,3,3,4,3,3,3,4,4,5
2023-12-11 14:44:54,2023-12-11 14:47:26,0,146.70.104.28,100,152,1,2023-12-11 14:47:26,R_eEyuzohGrcPgghP,,,,,51.5064,-0.02,anonymous,EN,1,1,1,1,2,2,5,1,1,2,2,4,4,4,4,3,4,3,4,4,4,4
2023-12-11 14:47:29,2023-12-11 14:52:03,0,146.70.104.28,100,274,1,2023-12-11 14:52:03,R_1ezXovTFFPUlys6,,,,,51.5064,-0.02,anonymous,EN,1,1,1,1,2,1,5,1,1,4,2,4,3,4,3,4,3,4,4,3,3,4
2023-12-11 14:52:11,2023-12-11 14:57:58,0,146.70.104.28,100,346,1,2023-12-11 14:58:00,R_XAKojE6iWuoVzz3,,,,,51.5064,-0.02,anonymous,EN,1,1,1,1,2,1,5,1,1,2,3,4,4,4,2,3,3,3,4,4,4,4
2023-12-11 16:08:08,2023-12-11 16:12:07,0,92.4.98.45,100,239,1,2023-12-11 16:12:08,R_27QmGr25m7AodpU,,,,,53.3528,-1.4845,anonymous,EN,1,1,1,1,2,2,5,1,1,2,4,3,4,2,2,2,4,2,1,2,4,5
2023-12-09 13:15:37,2023-12-09 13:15:42,0,217.138.254.78,4,5,0,2023-12-16 13:15:44,R_2f3a8C9fJJIUkiJ,,,,,,,anonymous,EN,,,,,,,,,,,,,,,,,,,,,,
2023-12-19 08:16:45,2023-12-19 08:19:22,0,146.70.104.12,100,156,1,2023-12-19 08:19:22,R_2NB8zdJzKDFaK5P,,,,,51.5064,-0.02,anonymous,EN,1,1,1,1,2,1,6,1,1,3,2,4,4,4,4,4,4,4,4,4,4,4
2023-12-19 17:19:35,2023-12-19 17:25:34,0,146.70.104.12,100,358,1,2023-12-19 17:25:35,R_26uUX146cDsEy1r,,,,,51.5064,-0.02,anonymous,EN,1,1,1,1,2,1,5,1,1,4,4,4,3,4,4,3,3,3,4,2,4,5
2023-12-19 17:25:38,2023-12-19 17:28:47,0,217.138.254.75,100,188,1,2023-12-19 17:28:47,R_4U3D1vzEWPfwp9C,,,,,51.4964,-0.1224,anonymous,EN,1,1,1,1,2,1,5,2,1,3,3,4,2,2,2,2,2,2,3,2,2,4
2023-12-19 17:28:54,2023-12-19 17:30:58,0,217.138.254.75,100,124,1,2023-12-19 17:30:59,R_1DToMj3KGYJzlr8,,,,,51.4964,-0.1224,anonymous,EN,1,1,1,1,2,1,5,1,1,2,4,4,4,4,2,3,4,2,2,2,4,4
2023-12-19 17:31:07,2023-12-19 17:34:37,0,146.70.95.151,100,210,1,2023-12-19 17:34:37,R_6gkDOjEo8q93RR7,,,,,51.5064,-0.02,anonymous,EN,1,1,1,1,2,1,5,1,1,3,3,4,3,2,3,3,2,3,3,3,4,5
2023-12-19 17:34:40,2023-12-19 17:36:57,0,146.70.104.12,100,136,1,2023-12-19 17:36:58,R_2Ykhgfkkw1fgHXX,,,,,51.5064,-0.02,anonymous,EN,1,1,1,1,3,1,6,1,1,4,3,4,4,3,3,3,4,4,4,3,4,5
2023-12-19 17:37:06,2023-12-19 17:40:40,0,146.70.104.12,100,213,1,2023-12-19 17:40:40,R_8xJFF3UV5KiLAMG,,,,,51.5064,-0.02,anonymous,EN,1,1,1,1,2,2,5,1,1,2,2,4,4,4,4,4,4,4,4,2,4,5
2023-12-19 17:42:43,2023-12-19 17:44:55,0,146.70.104.12,100,132,1,2023-12-19 17:44:56,R_8pa0KPozMoNKZzO,,,,,51.5064,-0.02,anonymous,EN,1,1,1,1,2,2,5,1,1,4,3,4,4,2,2,3,2,4,4,2,4,4
2023-12-19 17:45:21,2023-12-19 17:47:39,0,146.70.104.12,100,138,1,2023-12-19 17:47:40,R_1Kd0WanhPilIUof,,,,,51.5064,-0.02,anonymous,EN,1,1,1,1,2,2,5,1,2,4,2,4,2,2,3,3,4,2,2,3,4,5
2023-12-19 17:49:47,2023-12-19 17:52:23,0,146.70.104.12,100,156,1,2023-12-19 17:52:25,R_42gU9airHnLbVB6,,,,,51.5064,-0.02,anonymous,EN,1,1,1,1,2,2,5,1,1,2,2,4,3,2,3,3,3,3,4,3,4,4
2023-12-19 17:52:48,2023-12-19 18:28:14,0,146.70.104.12,100,2125,1,2023-12-19 18:28:15,R_5EfUJDsFEe0gEy7,,,,,51.5064,-0.02,anonymous,EN,1,1,1,1,2,2,5,1,1,2,3,4,3,3,2,3,4,3,3,3,4,5
2023-12-19 18:28:19,2023-12-19 18:30:42,0,146.70.104.12,100,143,1,2023-12-19 18:30:43,R_3rZfuQfifT8TPlk,,,,,51.5064,-0.02,anonymous,EN,1,1,1,1,2,2,5,1,1,2,2,4,4,3,4,3,4,4,4,4,4,4
2023-12-19 18:30:45,2023-12-19 18:40:53,0,217.138.254.75,100,607,1,2023-12-19 18:40:53,R_2fInyha1U891xRv,,,,,51.4964,-0.1224,anonymous,EN,1,1,1,1,2,1,5,1,1,4,4,4,4,4,4,4,4,4,4,4,4,4
2023-12-20 12:31:42,2023-12-20 12:37:03,0,217.138.254.75,100,320,1,2023-12-20 12:37:04,R_3YupZzVwY5dhaZG,,,,,51.4964,-0.1224,anonymous,EN,1,1,1,1,2,2,5,1,1,3,3,4,4,4,2,3,3,3,4,3,5,5
2023-12-20 12:37:41,2023-12-20 12:43:20,0,146.70.104.13,100,339,1,2023-12-20 12:43:21,R_1aK0xO8GAMVXyGh,,,,,51.5064,-0.02,anonymous,EN,1,1,1,1,2,1,5,1,1,2,3,4,2,2,3,2,2,2,2,3,4,5
2023-12-20 12:43:23,2023-12-20 13:08:40,0,146.70.104.13,100,1516,1,2023-12-20 13:08:41,R_1hDskLXaxJiX9Kb,,,,,51.5064,-0.02,anonymous,EN,1,1,1,1,2,1,5,1,1,4,3,4,4,2,4,4,4,4,4,3,4,5
2023-12-20 13:10:20,2023-12-20 13:12:32,0,89.47.62.105,100,131,1,2023-12-20 13:12:32,R_61dpBRWUvSiHaqF,,,,,51.5064,-0.02,anonymous,EN,1,1,1,1,2,1,5,1,1,2,2,4,3,3,2,3,3,4,4,4,4,5
2023-12-20 13:12:35,2023-12-20 13:14:54,0,89.47.62.105,100,138,1,2023-12-20 13:14:54,R_2fNSSJIGu7LQCSY,,,,,51.5064,-0.02,anonymous,EN,1,1,1,1,2,2,5,1,1,2,3,4,4,4,4,4,4,4,5,2,2,5
2023-12-21 06:20:16,2023-12-21 06:27:41,0,146.70.104.13,100,444,1,2023-12-21 06:27:41,R_2HzbNGfpY8qysbX,,,,,51.5064,-0.02,anonymous,EN,1,1,1,1,2,2,5,1,1,3,2,4,2,2,2,2,2,4,3,2,4,5
2023-12-21 06:29:32,2023-12-21 06:34:37,0,146.70.104.13,100,305,1,2023-12-21 06:34:38,R_289p7X6ZHipFv7b,,,,,51.5064,-0.02,anonymous,EN,1,1,1,1,2,1,5,1,1,2,3,4,2,3,5,3,4,4,4,2,5,5
2023-12-21 06:34:43,2023-12-21 06:36:51,0,146.70.104.13,100,128,1,2023-12-21 06:36:52,R_190uj5tOPkkBLF8,,,,,51.5064,-0.02,anonymous,EN,1,1,1,1,2,1,5,1,1,2,4,4,4,4,4,4,4,4,3,2,4,4
2023-12-21 06:37:09,2023-12-21 07:12:35,0,146.70.104.13,100,2126,1,2023-12-21 07:12:35,R_697eZimXNcxUjM5,,,,,51.5064,-0.02,anonymous,EN,1,1,1,1,2,2,5,1,1,3,4,4,4,4,4,3,4,4,4,2,4,4
2023-12-21 07:12:40,2023-12-21 07:18:59,0,146.70.104.13,100,378,1,2023-12-21 07:19:00,R_5P5Alsjra14Kv6M,,,,,51.5064,-0.02,anonymous,EN,1,1,1,1,3,2,5,1,1,3,3,2,3,3,4,3,3,3,3,3,4,5
2023-12-21 07:19:09,2023-12-21 07:24:11,0,146.70.104.13,100,301,1,2023-12-21 07:24:11,R_7NDpBEYPy2qhPyp,,,,,51.5064,-0.02,anonymous,EN,1,1,1,1,2,1,5,1,1,2,3,4,3,3,4,4,2,4,4,4,4,5
2023-12-21 07:24:20,2023-12-21 07:26:40,0,146.70.104.13,100,139,1,2023-12-21 07:26:40,R_2ruYXvJSQBPKwES,,,,,51.5064,-0.02,anonymous,EN,1,1,1,1,2,1,5,1,1,3,2,4,4,4,2,2,2,3,2,2,4,5
2023-12-21 07:26:43,2023-12-21 07:31:15,0,146.70.104.13,100,271,1,2023-12-21 07:31:16,R_2ODcKimQ4s7qlJz,,,,,51.5064,-0.02,anonymous,EN,1,1,1,1,2,1,5,1,1,3,3,4,4,4,4,4,4,4,4,2,4,4
2023-12-21 07:31:18,2023-12-21 07:34:37,0,146.70.104.13,100,198,1,2023-12-21 07:34:38,R_5jV3Juq4GrXCZEo,,,,,51.5064,-0.02,anonymous,EN,1,1,1,1,2,2,5,1,1,3,3,4,4,4,4,4,4,4,4,4,4,4
2023-12-21 07:34:41,2023-12-21 07:36:38,0,146.70.104.13,100,117,1,2023-12-21 07:36:38,R_4TABM15kjiQQJSq,,,,,51.5064,-0.02,anonymous,EN,1,1,1,1,2,2,5,1,1,4,2,4,4,4,4,4,4,4,4,4,4,4
2023-12-21 07:36:42,2023-12-21 07:39:45,0,146.70.104.13,100,183,1,2023-12-21 07:39:45,R_2783gj5MaUWXuT8,,,,,51.5064,-0.02,anonymous,EN,1,1,1,1,2,2,5,1,1,2,3,4,4,4,4,4,4,4,3,3,4,5
2023-12-21 07:40:12,2023-12-21 07:43:56,0,146.70.104.13,100,223,1,2023-12-21 07:43:56,R_8Pjwu8FtVtkX8bL,,,,,51.5064,-0.02,anonymous,EN,1,1,1,1,2,1,5,1,1,3,4,4,3,4,4,3,3,3,3,2,4,4
2023-12-21 07:44:20,2023-12-21 07:49:35,0,146.70.104.13,100,314,1,2023-12-21 07:49:35,R_4rBTRAVwKdNVyvG,,,,,51.5064,-0.02,anonymous,EN,1,1,1,1,2,2,5,1,1,3,4,4,3,4,2,3,2,3,3,3,4,5
2023-12-21 07:51:30,2023-12-21 07:54:40,0,146.70.104.13,100,189,1,2023-12-21 07:54:41,R_75mwwPnlsZt4LKh,,,,,51.5064,-0.02,anonymous,EN,1,1,1,1,2,2,5,1,1,4,3,4,3,3,2,3,3,4,3,3,4,5
2023-12-21 07:55:02,2023-12-21 07:58:46,0,146.70.104.13,100,223,1,2023-12-21 07:58:46,R_2pKRbQetdt04brP,,,,,51.5064,-0.02,anonymous,EN,1,1,1,1,3,1,6,1,2,2,4,4,4,4,4,3,3,4,3,2,4,4
2023-12-21 07:58:49,2023-12-21 17:23:11,0,146.70.104.22,100,33862,1,2023-12-21 17:23:12,R_8hyDlvFGlriZEzX,,,,,51.5064,-0.02,anonymous,EN,1,1,1,1,2,2,5,1,1,3,2,4,4,3,3,3,3,3,3,2,4,5
2023-12-21 17:24:43,2023-12-21 17:28:41,0,146.70.104.22,100,237,1,2023-12-21 17:28:41,R_2PNyGnXNs8YbzxA,,,,,51.5064,-0.02,anonymous,EN,1,1,1,1,2,1,5,1,1,3,2,4,4,3,3,4,2,4,4,4,4,5
2023-12-21 17:29:22,2023-12-21 17:34:06,0,146.70.104.22,100,284,1,2023-12-21 17:34:07,R_6IS3kTzwhM8hl6a,,,,,51.5064,-0.02,anonymous,EN,1,1,1,1,2,2,5,1,1,2,3,4,4,2,4,3,2,4,4,2,4,5
2023-12-21 17:34:17,2023-12-21 17:40:10,0,146.70.104.22,100,353,1,2023-12-21 17:40:11,R_5P95C8XDZaKdysV,,,,,51.5064,-0.02,anonymous,EN,1,1,1,1,2,1,5,1,1,2,2,4,4,2,2,2,2,2,3,2,4,4
2023-12-21 17:40:14,2023-12-21 17:47:51,0,146.70.104.22,100,456,1,2023-12-21 17:47:51,R_44icrBRrKpuryng,,,,,51.5064,-0.02,anonymous,EN,1,1,1,1,2,1,5,1,1,2,2,4,4,4,2,2,2,3,3,2,4,5
2023-12-21 17:48:19,2023-12-21 17:56:18,0,146.70.104.22,100,479,1,2023-12-21 17:56:19,R_20Syhc0goXwPpS1,,,,,51.5064,-0.02,anonymous,EN,1,1,1,1,2,1,5,1,1,2,2,4,4,3,4,3,4,2,4,2,4,5
2023-12-21 17:56:44,2023-12-21 18:03:43,0,146.70.95.150,100,419,1,2023-12-21 18:03:44,R_6ZEmAdBD8BKyalA,,,,,51.5064,-0.02,anonymous,EN,1,1,1,1,2,2,5,1,1,2,4,4,4,3,4,4,4,4,4,2,4,4
2023-12-21 18:03:47,2023-12-21 18:12:48,0,146.70.95.150,100,540,1,2023-12-21 18:12:49,R_7feNhNJvEbpUvfJ,,,,,51.5064,-0.02,anonymous,EN,1,1,1,1,2,2,5,2,1,2,2,4,4,4,4,4,2,4,4,2,4,4
2023-12-21 18:12:57,2023-12-21 18:22:06,0,146.70.95.150,100,548,1,2023-12-21 18:22:06,R_4C9AWyOIiVaIKpU,,,,,51.5064,-0.02,anonymous,EN,1,1,1,1,2,1,6,1,1,3,4,4,3,4,4,4,2,2,2,2,4,4
2023-12-21 18:22:14,2023-12-21 18:25:06,0,146.70.95.150,100,171,1,2023-12-21 18:25:07,R_4KONaURRgVJ3Wgy,,,,,51.5064,-0.02,anonymous,EN,1,1,1,1,2,2,5,1,1,2,3,4,3,4,4,3,4,4,3,4,4,5
2023-12-21 18:25:14,2023-12-21 18:37:03,0,146.70.95.150,100,708,1,2023-12-21 18:37:03,R_7qx70aHCxS9tNKr,,,,,51.5064,-0.02,anonymous,EN,1,1,1,1,2,2,5,2,1,3,4,4,4,4,4,2,2,4,4,2,4,5
2023-12-21 18:37:40,2023-12-22 07:03:05,0,146.70.95.151,100,44724,1,2023-12-22 07:03:06,R_7dY5E9WyqUptl2a,,,,,51.5064,-0.02,anonymous,EN,1,1,1,1,2,1,5,2,2,4,2,4,2,2,2,2,2,3,3,2,4,5
2023-12-22 07:03:09,2023-12-22 09:09:25,0,146.70.95.151,100,7575,1,2023-12-22 09:09:26,R_4ePM74IIuavdu5b,,,,,51.5064,-0.02,anonymous,EN,1,1,1,1,2,2,5,1,1,4,4,4,2,4,2,3,3,4,4,2,4,5
2023-12-22 09:13:41,2023-12-22 09:16:43,0,146.70.95.151,100,182,1,2023-12-22 09:16:44,R_5Rh90NUWShu3f0t,,,,,51.5064,-0.02,anonymous,EN,1,1,1,1,2,1,5,1,1,2,2,4,4,3,4,4,4,4,4,4,4,4
2023-12-22 09:16:47,2023-12-22 09:19:00,0,146.70.95.151,100,132,1,2023-12-22 09:19:00,R_2Pu562mzr8fWr2R,,,,,51.5064,-0.02,anonymous,EN,1,1,1,1,2,1,5,1,1,2,2,4,4,4,4,4,4,4,3,3,4,4
2023-12-22 09:19:07,2023-12-22 09:21:42,0,146.70.95.151,100,155,1,2023-12-22 09:21:43,R_4mlOZbmazbu7hvz,,,,,51.5064,-0.02,anonymous,EN,1,1,1,1,2,2,5,1,1,2,2,4,4,4,4,4,4,4,4,4,4,4
2023-12-22 09:21:48,2023-12-22 09:23:55,0,146.70.95.151,100,126,1,2023-12-22 09:23:55,R_6qgnByGlPQDt6I2,,,,,51.5064,-0.02,anonymous,EN,1,1,1,1,2,2,5,1,1,2,3,4,3,2,3,3,4,4,4,4,4,4
2023-12-22 09:24:04,2023-12-22 09:26:06,0,146.70.95.151,100,122,1,2023-12-22 09:26:07,R_7QEonZHb2ZyqAOB,,,,,51.5064,-0.02,anonymous,EN,1,1,1,1,2,1,5,1,1,2,2,2,2,2,3,4,3,3,2,2,4,5
2023-12-22 09:26:57,2023-12-22 09:30:20,0,146.70.95.151,100,203,1,2023-12-22 09:30:21,R_8V48m6j0sw2jiZp,,,,,51.5064,-0.02,anonymous,EN,1,1,1,1,2,2,5,1,2,2,3,2,4,2,2,3,2,3,2,2,4,4
2023-12-22 09:30:24,2023-12-22 09:33:18,0,146.70.95.131,100,173,1,2023-12-22 09:33:18,R_6r3YGzXugMjKYEx,,,,,51.5064,-0.02,anonymous,EN,1,1,1,1,2,1,5,2,1,2,4,4,4,2,4,2,4,4,4,2,4,5
2023-12-22 09:33:21,2023-12-22 09:35:54,0,146.70.95.131,100,152,1,2023-12-22 09:35:55,R_5jHB1GsBZhtACRH,,,,,51.5064,-0.02,anonymous,EN,1,1,1,1,2,1,5,1,1,3,3,2,4,2,4,4,2,4,4,2,4,4
2023-12-22 09:36:02,2023-12-22 09:38:09,0,146.70.95.151,100,126,1,2023-12-22 09:38:09,R_53nUR29xt3ss9l7,,,,,51.5064,-0.02,anonymous,EN,1,1,1,1,2,1,5,1,1,2,4,4,4,4,2,2,2,3,4,2,4,4
2023-12-22 09:38:35,2023-12-22 09:40:19,0,146.70.95.131,100,103,1,2023-12-22 09:40:19,R_5CxByD2bFWPRGL0,,,,,51.5064,-0.02,anonymous,EN,1,1,1,1,2,2,5,1,1,2,4,4,4,4,4,4,4,2,4,2,4,4
2023-12-22 09:40:22,2023-12-22 09:42:01,0,146.70.95.131,100,99,1,2023-12-22 09:42:02,R_4aIEPZ5EiED5EAY,,,,,51.5064,-0.02,anonymous,EN,1,1,1,1,2,2,5,2,2,4,3,4,2,3,3,3,2,3,4,2,4,4
2023-12-22 09:42:05,2023-12-22 09:44:15,0,146.70.95.151,100,130,1,2023-12-22 09:44:16,R_2F402d4PityWDtL,,,,,51.5064,-0.02,anonymous,EN,1,1,1,1,2,1,5,1,1,2,4,4,2,4,2,3,4,4,3,4,4,4
2023-12-22 09:44:27,2023-12-22 09:46:47,0,146.70.95.151,100,140,1,2023-12-22 09:46:47,R_8U3ebH7R7oGEYQI,,,,,51.5064,-0.02,anonymous,EN,1,1,1,1,2,2,5,2,1,4,4,4,4,4,4,4,3,4,4,4,4,4
2023-12-22 09:46:50,2023-12-22 09:58:20,0,146.70.95.151,100,690,1,2023-12-22 09:58:21,R_7yq35r9iHe7CDE2,,,,,51.5064,-0.02,anonymous,EN,1,1,1,1,2,2,5,1,1,3,2,2,4,3,3,4,3,3,2,4,4,4
2023-12-22 09:58:25,2023-12-22 10:08:16,0,146.70.95.151,100,591,1,2023-12-22 10:08:16,R_7jNp8ZPX5958kz7,,,,,51.5064,-0.02,anonymous,EN,1,1,1,1,2,1,5,2,1,3,2,4,4,3,4,4,4,4,3,2,4,5
2023-12-22 10:08:19,2023-12-22 10:11:39,0,89.47.62.102,100,199,1,2023-12-22 10:11:39,R_5N1U6Ywb5kZ36Yf,,,,,51.5064,-0.02,anonymous,EN,1,1,1,1,2,2,5,1,1,2,2,4,3,2,4,4,4,2,2,3,4,4
2023-12-22 10:11:42,2023-12-22 10:13:33,0,89.47.62.102,100,111,1,2023-12-22 10:13:34,R_6flYDPdKVQhW7GV,,,,,51.5064,-0.02,anonymous,EN,1,1,1,1,2,2,5,1,1,4,2,4,4,4,4,3,4,4,4,4,4,4
2023-12-22 10:13:37,2023-12-22 10:15:58,0,146.70.95.151,100,141,1,2023-12-22 10:15:59,R_33qmEUh53l4JvwZ,,,,,51.5064,-0.02,anonymous,EN,1,1,1,1,2,1,5,1,1,2,4,4,4,4,4,4,4,4,4,4,4,4
2023-12-22 10:16:02,2023-12-22 10:18:23,0,146.70.95.151,100,141,1,2023-12-22 10:18:23,R_1rxDkVE5QsKTVGA,,,,,51.5064,-0.02,anonymous,EN,1,1,1,1,2,1,5,1,1,3,4,4,4,4,4,4,4,4,4,2,4,5
2023-12-22 10:18:31,2023-12-22 10:21:51,0,146.70.95.151,100,199,1,2023-12-22 10:21:51,R_3bQ1eO0HeUBiH7C,,,,,51.5064,-0.02,anonymous,EN,1,1,1,1,2,2,5,1,1,2,2,4,4,4,4,4,3,2,4,4,4,4
2023-12-22 10:21:55,2023-12-22 10:24:01,0,146.70.95.151,100,126,1,2023-12-22 10:24:02,R_4mkjnQSFKOeeDEX,,,,,51.5064,-0.02,anonymous,EN,1,1,1,1,2,2,5,2,1,2,3,4,4,3,4,4,3,4,4,2,4,4
2023-12-22 10:24:16,2023-12-22 10:32:12,0,146.70.95.151,100,475,1,2023-12-22 10:32:13,R_5q9YQnTwC41Epli,,,,,51.5064,-0.02,anonymous,EN,1,1,1,1,2,2,5,1,1,2,3,4,3,2,3,3,2,4,4,4,4,5
2023-12-22 10:32:20,2023-12-22 10:35:05,0,146.70.95.151,100,164,1,2023-12-22 10:35:05,R_5dEZaBECvlZABsM,,,,,51.5064,-0.02,anonymous,EN,1,1,1,1,2,1,5,1,1,2,3,4,4,4,4,4,4,4,3,3,4,4
2023-12-22 10:35:08,2023-12-22 10:37:52,0,146.70.95.151,100,164,1,2023-12-22 10:37:52,R_3gNGo4vIpzu4B8w,,,,,51.5064,-0.02,anonymous,EN,1,1,1,1,2,2,5,1,2,2,3,4,4,3,4,3,3,3,4,3,4,4
2023-12-22 10:38:10,2023-12-22 10:40:13,0,146.70.95.151,100,122,1,2023-12-22 10:40:13,R_7f0Z5ixEU8HoNI9,,,,,51.5064,-0.02,anonymous,EN,1,1,1,1,2,2,5,1,1,2,4,4,4,3,4,4,4,4,4,4,4,4
2023-12-22 10:40:16,2023-12-22 10:45:54,0,146.70.95.151,100,337,1,2023-12-22 10:45:55,R_4NVvpemb4PoqQMB,,,,,51.5064,-0.02,anonymous,EN,1,1,1,1,2,1,5,1,1,2,4,4,4,4,4,4,4,4,4,4,4,5
2023-12-22 10:45:58,2023-12-22 10:51:13,0,146.70.95.151,100,315,1,2023-12-22 10:51:14,R_862yG2BMAW7J8u7,,,,,51.5064,-0.02,anonymous,EN,1,1,1,1,2,2,5,1,1,3,4,4,4,4,4,4,3,4,3,3,4,5
2023-12-22 10:51:17,2023-12-22 10:53:31,0,146.70.95.151,100,134,1,2023-12-22 10:53:32,R_7qm0Wvk9BVuvliA,,,,,51.5064,-0.02,anonymous,EN,1,1,1,1,2,2,5,1,1,2,4,4,4,3,3,3,3,3,3,4,4,4
2023-12-22 10:53:39,2023-12-22 10:55:23,0,146.70.95.151,100,103,1,2023-12-22 10:55:24,R_24MHtbVCXA4pbsI,,,,,51.5064,-0.02,anonymous,EN,1,1,1,1,2,2,5,1,1,2,3,3,3,2,3,4,3,3,3,3,4,4
2023-12-22 10:57:49,2023-12-22 11:01:53,0,146.70.104.10,100,243,1,2023-12-22 11:01:54,R_6PXVbSJBJln4gzO,,,,,51.5064,-0.02,anonymous,EN,1,1,1,1,2,1,5,1,1,2,3,4,3,3,3,4,2,3,4,3,4,4
2023-12-22 11:01:59,2023-12-22 11:05:00,0,146.70.95.151,100,181,1,2023-12-22 11:05:00,R_8PumrvwCqnyi9ew,,,,,51.5064,-0.02,anonymous,EN,1,1,1,1,2,1,5,1,1,2,2,4,4,3,4,4,2,4,2,2,4,4
2023-12-22 11:05:05,2023-12-22 11:09:31,0,89.47.62.102,100,266,1,2023-12-22 11:09:32,R_8pA4eATtLnLGi9E,,,,,51.5064,-0.02,anonymous,EN,1,1,1,1,2,1,5,1,1,3,3,2,3,2,4,2,3,4,4,4,4,4
2023-12-22 11:13:36,2023-12-22 11:25:15,0,146.70.95.151,100,699,1,2023-12-22 11:25:16,R_21WN6Psu5urTouv,,,,,51.5064,-0.02,anonymous,EN,1,1,1,1,2,2,5,1,1,2,3,3,4,3,4,3,4,3,3,3,4,4
2023-12-22 11:25:18,2023-12-22 11:29:27,0,146.70.95.151,100,249,1,2023-12-22 11:29:27,R_6BrVVFp9nWfTKzn,,,,,51.5064,-0.02,anonymous,EN,1,1,1,1,2,1,5,2,1,2,4,4,5,3,4,4,2,2,4,4,4,4
2023-12-22 11:29:35,2023-12-22 11:47:32,0,146.70.95.151,100,1077,1,2023-12-22 11:47:33,R_4hAHo9Mj7VSReXD,,,,,51.5064,-0.02,anonymous,EN,1,1,1,1,2,1,5,1,1,4,3,4,2,2,4,4,2,2,2,4,4,4
2023-12-22 11:47:44,2023-12-22 11:53:10,0,146.70.95.151,100,325,1,2023-12-22 11:53:10,R_3WoYbaRYMpqg7qp,,,,,51.5064,-0.02,anonymous,EN,1,1,1,1,2,2,5,1,1,3,4,,3,3,4,4,2,4,3,4,4,4
2023-12-22 11:53:16,2023-12-22 12:01:06,0,146.70.95.151,100,470,1,2023-12-22 12:01:07,R_10cJQisvBIbozO9,,,,,51.5064,-0.02,anonymous,EN,1,1,1,1,2,1,5,1,1,4,4,4,4,4,4,4,4,3,3,2,4,4
2023-12-22 12:01:15,2023-12-22 12:09:09,0,146.70.95.151,100,473,1,2023-12-22 12:09:10,R_4QtfbwsERExZ4RP,,,,,51.5064,-0.02,anonymous,EN,1,1,1,1,2,1,5,1,1,2,2,4,3,3,4,3,4,4,3,3,4,4
2023-12-22 12:09:13,2023-12-22 12:22:11,0,146.70.95.151,100,778,1,2023-12-22 12:22:12,R_5mnPAwKFZ4n3PO1,,,,,51.5064,-0.02,anonymous,EN,1,1,1,1,2,2,5,1,1,4,3,3,3,3,3,3,3,2,3,2,4,4
2023-12-22 12:22:16,2023-12-22 12:24:45,0,146.70.95.151,100,148,1,2023-12-22 12:24:45,R_2f9gWD9TFT2sHhE,,,,,51.5064,-0.02,anonymous,EN,1,1,1,1,2,1,5,1,1,4,4,4,4,4,4,4,4,4,4,4,4,4
2023-12-22 12:24:48,2023-12-22 12:27:39,0,146.70.95.151,100,171,1,2023-12-22 12:27:40,R_20uYW5rkMc8wZzM,,,,,51.5064,-0.02,anonymous,EN,1,1,1,1,2,1,5,1,1,2,2,4,2,3,4,3,3,3,4,3,4,4
2023-12-22 12:27:49,2023-12-22 12:33:37,0,146.70.95.151,100,347,1,2023-12-22 12:33:37,R_7pVqJGP9ieLc7lx,,,,,51.5064,-0.02,anonymous,EN,1,1,1,1,2,2,5,1,1,2,4,4,3,3,3,3,3,3,3,3,4,4
2023-12-22 12:33:45,2023-12-22 12:37:04,0,146.70.95.151,100,198,1,2023-12-22 12:37:04,R_3PXmaJW550zO6KI,,,,,51.5064,-0.02,anonymous,EN,1,1,1,1,2,1,5,1,1,2,4,4,3,4,4,4,3,3,3,2,4,4
2023-12-22 12:37:10,2023-12-22 12:41:04,0,146.70.95.151,100,233,1,2023-12-22 12:41:04,R_8rNOcHkRlp70Zb9,,,,,51.5064,-0.02,anonymous,EN,1,1,1,1,2,2,5,1,1,2,4,4,4,4,4,3,3,3,3,3,4,4
2023-12-22 12:41:29,2023-12-22 12:46:41,0,146.70.95.151,100,311,1,2023-12-22 12:46:42,R_4HTwfe0mt8BjzBs,,,,,51.5064,-0.02,anonymous,EN,1,1,1,1,2,2,5,1,1,3,4,4,4,2,4,3,3,3,3,2,4,4
2023-12-22 12:46:48,2023-12-22 12:49:40,0,146.70.95.151,100,171,1,2023-12-22 12:49:40,R_7l4Vq8aw1Mwk2mu,,,,,51.5064,-0.02,anonymous,EN,1,1,1,1,2,2,5,1,1,4,2,4,4,3,3,4,2,3,3,3,4,4
2023-12-22 12:50:21,2023-12-22 12:53:20,0,146.70.95.151,100,178,1,2023-12-22 12:53:21,R_6aTWoI9bCh60QyR,,,,,51.5064,-0.02,anonymous,EN,1,1,1,1,2,2,5,1,1,3,3,4,3,3,4,4,4,3,3,3,4,4
2023-12-22 12:53:26,2023-12-22 12:56:18,0,217.138.254.76,100,171,1,2023-12-22 12:56:18,R_5exVzPvwh6ER3sE,,,,,51.4964,-0.1224,anonymous,EN,1,1,1,1,2,1,5,1,1,3,4,4,4,4,4,4,3,3,3,2,4,4
2023-12-22 12:57:30,2023-12-22 13:01:29,0,146.70.95.151,100,238,1,2023-12-22 13:01:29,R_5zY0PZzverMDTUt,,,,,51.5064,-0.02,anonymous,EN,1,1,1,1,2,2,5,1,1,3,4,4,4,4,4,4,4,3,3,3,4,4
2023-12-22 13:01:36,2023-12-22 13:04:46,0,146.70.95.151,100,189,1,2023-12-22 13:04:46,R_6h0mY1kirnPGm56,,,,,51.5064,-0.02,anonymous,EN,1,1,1,1,2,1,5,1,1,2,3,4,4,4,5,4,3,4,4,2,4,4
2023-12-22 13:05:19,2023-12-22 13:08:11,0,146.70.95.151,100,172,1,2023-12-22 13:08:11,R_33r4B2Q6R3xJgZF,,,,,51.5064,-0.02,anonymous,EN,1,1,1,1,2,2,5,1,1,3,2,4,3,4,4,4,4,3,4,3,4,5
2023-12-22 13:08:21,2023-12-22 13:13:59,0,146.70.95.151,100,337,1,2023-12-22 13:13:59,R_1NgmshIAbaqNAKR,,,,,51.5064,-0.02,anonymous,EN,1,1,1,1,2,2,6,1,1,2,4,4,4,4,4,3,3,3,3,3,4,4
2023-12-24 07:57:32,2023-12-24 08:02:56,0,105.113.71.40,100,324,1,2023-12-24 08:02:57,R_6PYOYNIGabWMqAK,,,,,6.4474,3.3903,anonymous,EN,1,1,1,1,2,1,5,2,1,3,2,4,5,2,2,3,2,4,2,4,4,4
2023-12-24 07:56:20,2023-12-24 08:03:06,0,105.119.3.72,100,406,1,2023-12-24 08:03:07,R_3HpiRXORALJNiSZ,,,,,10,8,anonymous,EN,1,1,1,1,1,1,5,4,1,3,4,4,4,4,4,2,2,3,4,3,5,4
2023-12-24 08:27:53,2023-12-24 08:30:20,0,146.70.104.19,100,147,1,2023-12-24 08:30:21,R_5fnkacOlHyFS52h,,,,,51.5064,-0.02,anonymous,EN,1,1,1,1,2,1,5,2,1,3,2,4,3,4,4,4,2,4,4,2,4,4
2023-12-24 08:16:55,2023-12-24 08:31:39,0,102.91.46.42,100,883,1,2023-12-24 08:31:39,R_2NyLKFN9MWDclxl,,,,,12.996,7.6049,anonymous,EN,1,1,1,1,1,2,5,1,1,3,4,2,3,4,3,3,2,3,4,3,4,5
2023-12-24 08:31:10,2023-12-24 08:35:45,0,146.70.104.19,100,274,1,2023-12-24 08:35:45,R_2PbEBqKWQPqzPqZ,,,,,51.5064,-0.02,anonymous,EN,1,1,1,1,3,2,5,1,1,3,3,4,2,4,3,3,3,4,4,3,4,5
2023-12-24 08:36:00,2023-12-24 08:37:59,0,146.70.104.19,100,119,1,2023-12-24 08:38:00,R_3wulv4z6DB7k9Kk,,,,,51.5064,-0.02,anonymous,EN,1,1,1,1,2,2,5,1,1,4,4,4,3,4,3,4,3,4,3,2,4,4
2023-12-24 08:08:09,2023-12-24 08:39:22,0,105.119.3.100,100,1872,1,2023-12-24 08:39:23,R_3dhniIAEaWpaC3f,,,,,10,8,anonymous,EN,1,1,1,1,2,2,5,4,2,2,4,2,4,2,2,4,4,4,4,4,4,4
2023-12-24 08:38:05,2023-12-24 08:39:49,0,146.70.104.19,100,103,1,2023-12-24 08:39:49,R_5oQPOBgxhf84x4Z,,,,,51.5064,-0.02,anonymous,EN,1,1,1,1,3,1,5,1,1,4,2,4,2,4,4,4,4,4,2,3,4,4
2023-12-24 08:39:53,2023-12-24 08:41:28,0,146.70.104.19,100,94,1,2023-12-24 08:41:28,R_2lQEIMsYmR33qqZ,,,,,51.5064,-0.02,anonymous,EN,1,1,1,1,2,1,6,1,1,4,3,4,3,4,4,4,3,4,3,3,4,4
2023-12-24 08:41:30,2023-12-24 08:43:08,0,146.70.104.19,100,98,1,2023-12-24 08:43:09,R_62EXf6o8XfpvvMr,,,,,51.5064,-0.02,anonymous,EN,1,1,1,1,2,1,5,1,1,3,3,3,3,3,4,3,4,3,3,3,4,4
2023-12-24 08:43:12,2023-12-24 08:46:04,0,146.70.104.19,100,172,1,2023-12-24 08:46:05,R_2g7XBfO9wDRcwa5,,,,,51.5064,-0.02,anonymous,EN,1,1,1,1,2,1,5,1,1,2,4,4,3,3,3,3,2,3,2,3,4,4
2023-12-24 08:46:08,2023-12-24 08:48:11,0,146.70.104.19,100,122,1,2023-12-24 08:48:11,R_1PAuddyWJCeMYwM,,,,,51.5064,-0.02,anonymous,EN,1,1,1,1,2,1,5,1,1,4,2,4,3,3,2,3,3,3,4,3,4,4
2023-12-24 08:48:14,2023-12-24 08:49:41,0,146.70.104.19,100,87,1,2023-12-24 08:49:42,R_5vigweS3Oi8wGyn,,,,,51.5064,-0.02,anonymous,EN,2,1,1,1,2,1,5,2,1,2,2,4,4,3,3,3,3,4,3,2,4,4
2023-12-24 08:39:42,2023-12-24 08:52:30,0,105.119.3.228,100,768,1,2023-12-24 08:52:31,R_4sAEofx4mpPxtiF,,,,,10,8,anonymous,EN,1,1,1,1,3,1,7,1,3,2,5,2,4,4,4,4,4,4,4,4,4,4
2023-12-24 08:49:59,2023-12-24 08:54:46,0,146.70.104.19,100,286,1,2023-12-24 08:54:46,R_8MRKqb4AfVB6FgZ,,,,,51.5064,-0.02,anonymous,EN,1,1,1,1,2,2,5,1,1,4,3,4,4,3,4,3,2,3,4,4,4,4
2023-12-24 08:54:49,2023-12-24 08:56:12,0,146.70.104.19,100,83,1,2023-12-24 08:56:13,R_4VmD0rBowsDo2NS,,,,,51.5064,-0.02,anonymous,EN,1,1,1,1,2,2,5,1,1,4,4,4,3,2,3,3,3,3,3,2,4,4
2023-12-24 08:56:18,2023-12-24 08:57:38,0,146.70.104.19,100,80,1,2023-12-24 08:57:38,R_5rEAYH4ye8WgyKR,,,,,51.5064,-0.02,anonymous,EN,1,1,1,1,2,1,5,1,1,4,4,4,4,4,4,4,3,2,2,3,4,5
2023-12-24 08:57:42,2023-12-24 08:58:57,0,146.70.104.19,100,75,1,2023-12-24 08:58:58,R_60jXqz4xdBX2KnW,,,,,51.5064,-0.02,anonymous,EN,1,1,1,1,2,2,5,1,1,3,2,4,4,3,4,3,4,3,3,3,4,4
2023-12-24 08:59:05,2023-12-24 09:00:37,0,146.70.104.19,100,92,1,2023-12-24 09:00:38,R_10KVotuF2R1szXr,,,,,51.5064,-0.02,anonymous,EN,1,1,1,1,2,2,5,1,1,2,3,4,4,3,3,3,3,4,3,3,5,5
2023-12-24 09:00:40,2023-12-24 09:02:23,0,146.70.104.19,100,102,1,2023-12-24 09:02:23,R_1M0yFdSpwL6A8CN,,,,,51.5064,-0.02,anonymous,EN,1,1,1,1,2,2,5,1,2,3,2,2,2,3,3,3,3,2,3,2,5,5
2023-12-24 09:02:36,2023-12-24 09:04:56,0,146.70.104.19,100,139,1,2023-12-24 09:04:56,R_8jKfyCSTFcsOTiE,,,,,51.5064,-0.02,anonymous,EN,1,1,1,1,2,1,5,1,1,4,4,4,3,3,3,3,3,4,3,3,4,4
2023-12-24 09:05:00,2023-12-24 09:07:02,0,146.70.104.19,100,122,1,2023-12-24 09:07:03,R_1ugwqU4CYXUNT4l,,,,,51.5064,-0.02,anonymous,EN,1,1,1,1,2,1,5,1,1,2,4,4,3,2,3,3,3,4,5,4,4,4
2023-12-24 09:07:05,2023-12-24 09:09:16,0,146.70.104.19,100,130,1,2023-12-24 09:09:16,R_3mM4qvBLjnXrn7X,,,,,51.5064,-0.02,anonymous,EN,1,1,1,1,2,1,5,1,1,4,3,3,3,3,4,3,3,3,3,3,4,5
2023-12-24 09:09:20,2023-12-24 09:11:51,0,146.70.104.19,100,151,1,2023-12-24 09:11:52,R_7KHizY0jdX0O4D2,,,,,51.5064,-0.02,anonymous,EN,1,1,1,1,2,2,5,1,1,4,4,4,4,4,4,4,3,3,3,2,4,4
2023-12-24 09:12:13,2023-12-24 09:14:31,0,146.70.104.19,100,137,1,2023-12-24 09:14:31,R_11o2JzxFxOLX6lr,,,,,51.5064,-0.02,anonymous,EN,1,1,1,1,2,1,5,1,1,4,4,4,4,4,4,3,2,3,3,3,4,4
2023-12-24 09:14:37,2023-12-24 09:16:09,0,146.70.104.19,100,92,1,2023-12-24 09:16:09,R_30u6RQ0OGamLqkp,,,,,51.5064,-0.02,anonymous,EN,1,1,1,1,2,2,5,1,1,3,4,4,3,4,4,4,4,3,4,3,4,4
2023-12-24 09:16:13,2023-12-24 09:18:17,0,146.70.104.19,100,123,1,2023-12-24 09:18:17,R_3utVOcEgA08OVYB,,,,,51.5064,-0.02,anonymous,EN,1,1,1,1,2,1,5,1,1,2,4,4,4,4,4,3,4,3,3,1,5,5
2023-12-24 09:18:22,2023-12-24 09:21:17,0,146.70.104.19,100,175,1,2023-12-24 09:21:18,R_8CkjKIC2WXCfMJq,,,,,51.5064,-0.02,anonymous,EN,1,1,1,1,2,1,5,1,1,3,3,4,4,4,4,4,3,4,3,3,4,5
2023-12-24 09:21:22,2023-12-24 09:22:55,0,146.70.104.19,100,93,1,2023-12-24 09:22:56,R_7QtCODeKid2dCnD,,,,,51.5064,-0.02,anonymous,EN,1,1,1,1,3,1,6,1,1,4,4,4,3,3,4,3,3,3,3,3,5,5
2023-12-24 09:23:06,2023-12-24 09:25:11,0,146.70.104.19,100,124,1,2023-12-24 09:25:11,R_1HRmXdk2wi6JF2x,,,,,51.5064,-0.02,anonymous,EN,1,1,1,1,2,2,5,1,1,4,3,4,4,4,4,4,4,4,4,4,4,4
2023-12-24 09:25:15,2023-12-24 09:27:02,0,146.70.104.19,100,107,1,2023-12-24 09:27:03,R_2PppLBfmqV7h5K6,,,,,51.5064,-0.02,anonymous,EN,1,1,1,1,2,1,5,1,1,4,3,4,4,4,3,4,4,2,3,3,4,4
2023-12-24 09:27:09,2023-12-24 09:28:53,0,146.70.104.19,100,104,1,2023-12-24 09:28:54,R_5Gqvv5UwvGAutjj,,,,,51.5064,-0.02,anonymous,EN,1,1,1,1,2,1,5,1,1,4,4,4,4,4,3,3,4,4,4,2,4,5
2023-12-24 09:29:01,2023-12-24 09:30:55,0,146.70.104.19,100,114,1,2023-12-24 09:30:56,R_7EWUuc92D5322Kl,,,,,51.5064,-0.02,anonymous,EN,1,1,1,1,2,2,5,1,1,2,3,4,4,4,4,4,4,4,3,2,4,4
2023-12-24 09:30:59,2023-12-24 09:32:55,0,146.70.104.19,100,115,1,2023-12-24 09:32:55,R_3EhSRsePsew5Kuz,,,,,51.5064,-0.02,anonymous,EN,1,1,1,1,2,2,5,1,1,4,4,4,4,4,4,4,4,4,3,3,4,4
2023-12-24 09:32:59,2023-12-24 09:34:51,0,146.70.104.19,100,112,1,2023-12-24 09:34:52,R_3rIq94du0TrYGp9,,,,,51.5064,-0.02,anonymous,EN,1,1,1,1,2,2,5,1,1,4,4,4,4,4,4,4,4,4,3,4,5,5
2023-12-24 09:35:05,2023-12-24 09:37:18,0,146.70.104.19,100,132,1,2023-12-24 09:37:18,R_6IB2XQ6f9VTKiHj,,,,,51.5064,-0.02,anonymous,EN,1,1,1,1,2,1,5,1,1,3,3,4,3,3,4,3,3,3,3,3,4,4
2023-12-24 09:37:23,2023-12-24 09:39:13,0,146.70.104.19,100,109,1,2023-12-24 09:39:14,R_25XWSdJbjtSlyiN,,,,,51.5064,-0.02,anonymous,EN,1,1,1,1,2,1,5,1,1,3,4,4,2,4,4,3,2,2,2,4,4,4
2023-12-24 09:39:23,2023-12-24 10:04:18,0,146.70.104.61,100,1495,1,2023-12-24 10:04:19,R_6IN8fQIsvANkRkB,,,,,51.5064,-0.02,anonymous,EN,1,1,1,1,2,1,5,1,1,4,3,4,4,4,4,4,4,4,4,4,4,4
2023-12-24 10:04:23,2023-12-24 10:06:36,0,146.70.95.155,100,133,1,2023-12-24 10:06:37,R_8Sivrv63G1U0Z0x,,,,,51.5064,-0.02,anonymous,EN,1,1,1,1,2,2,5,1,1,4,4,4,4,4,4,4,2,4,2,2,4,4
2023-12-24 10:06:39,2023-12-24 10:08:38,0,146.70.104.19,100,118,1,2023-12-24 10:08:39,R_7k52Cbdujt2irc6,,,,,51.5064,-0.02,anonymous,EN,1,1,1,1,2,1,5,1,1,4,4,4,3,3,4,2,2,3,3,4,4,4
2023-12-24 10:08:42,2023-12-24 10:11:40,0,146.70.104.19,100,178,1,2023-12-24 10:11:41,R_41aMRxtL7Dv5dKL,,,,,51.5064,-0.02,anonymous,EN,1,1,1,1,2,2,5,1,1,4,4,4,2,2,2,4,2,4,4,4,4,4
2023-12-24 10:11:47,2023-12-24 10:16:19,0,146.70.104.19,100,272,1,2023-12-24 10:16:20,R_3PaOGZfDTNLQR7Z,,,,,51.5064,-0.02,anonymous,EN,1,1,1,1,2,1,5,1,1,2,4,4,4,4,4,4,4,4,4,4,4,4
2023-12-24 10:16:23,2023-12-24 10:19:09,0,146.70.104.19,100,166,1,2023-12-24 10:19:10,R_66eclRfeT9FM5nH,,,,,51.5064,-0.02,anonymous,EN,1,1,1,1,2,2,5,1,1,2,3,4,4,4,4,4,4,4,4,3,4,5
2023-12-24 10:19:12,2023-12-24 10:21:39,0,146.70.104.19,100,146,1,2023-12-24 10:21:39,R_6LjLrkzQZ7sRXLH,,,,,51.5064,-0.02,anonymous,EN,1,1,1,1,2,1,5,1,1,4,4,4,3,3,3,3,3,3,4,3,4,4
2023-12-24 10:21:58,2023-12-24 10:24:07,0,146.70.104.19,100,128,1,2023-12-24 10:24:08,R_60e11e4OWc4xDdN,,,,,51.5064,-0.02,anonymous,EN,1,1,1,1,2,2,5,1,1,2,4,4,4,4,3,3,3,3,3,3,4,4
2023-12-24 10:24:11,2023-12-24 10:28:28,0,146.70.104.19,100,257,1,2023-12-24 10:28:29,R_1MEbfLKcHJqZJJf,,,,,51.5064,-0.02,anonymous,EN,1,1,1,1,2,1,5,1,1,4,2,4,4,4,3,3,3,2,3,2,4,5
2023-12-24 10:28:31,2023-12-24 10:32:47,0,146.70.104.61,100,256,1,2023-12-24 10:32:48,R_3mW5LhsQy5aqXVj,,,,,51.5064,-0.02,anonymous,EN,1,1,1,1,2,1,5,1,1,4,4,4,4,4,4,4,2,3,3,3,4,5
2023-12-24 10:34:47,2023-12-24 10:36:47,0,146.70.95.156,100,119,1,2023-12-24 10:36:48,R_4yZYbxFQ2oEQ5W1,,,,,51.5064,-0.02,anonymous,EN,1,1,1,1,2,2,5,1,1,4,4,4,4,3,3,3,4,3,3,3,4,5
2023-12-24 10:36:50,2023-12-24 10:39:35,0,146.70.104.61,100,164,1,2023-12-24 10:39:35,R_28YucKhFenyoGk2,,,,,51.5064,-0.02,anonymous,EN,1,1,1,1,2,1,5,1,1,4,4,4,3,3,4,3,3,4,3,3,5,4
2023-12-24 10:39:38,2023-12-24 10:42:38,0,146.70.104.19,100,180,1,2023-12-24 10:42:39,R_3mQnXA4Q3XNhOjT,,,,,51.5064,-0.02,anonymous,EN,1,1,1,1,2,1,5,1,1,4,3,4,3,4,2,3,3,3,3,4,4,5
2023-12-24 11:54:49,2023-12-24 12:00:32,0,105.112.20.151,100,342,1,2023-12-24 12:00:33,R_7TSql0fPAZ7w2xH,,,,,12.996,7.6049,anonymous,EN,1,1,1,1,1,2,2,4,1,2,4,3,3,5,5,5,3,4,2,4,3,5
2023-12-24 11:55:45,2023-12-24 12:04:15,0,105.113.89.252,100,509,1,2023-12-24 12:04:15,R_3otjkQ29pMn1zjP,,,,,6.4474,3.3903,anonymous,EN,1,1,1,1,1,2,3,1,1,1,4,3,4,4,3,4,4,4,3,4,4,4
2023-12-24 12:04:22,2023-12-24 12:10:04,0,105.113.89.252,100,341,1,2023-12-24 12:10:04,R_5CKkjIzPA8TfKqH,,,,,6.4474,3.3903,anonymous,EN,1,1,1,1,4,2,6,1,2,2,4,1,1,2,2,2,2,2,1,2,3,3
2023-12-24 11:49:35,2023-12-24 12:22:28,0,146.70.104.61,100,1972,1,2023-12-24 12:22:28,R_6BfXhDaABD2TCwQ,,,,,51.5064,-0.02,anonymous,EN,1,1,1,1,2,1,5,1,1,2,3,2,4,2,3,3,2,2,3,2,4,4
2023-12-24 12:22:31,2023-12-24 12:27:37,0,146.70.104.19,100,305,1,2023-12-24 12:27:37,R_6wHEc7kDVbx75tL,,,,,51.5064,-0.02,anonymous,EN,1,1,1,1,2,2,5,1,1,3,3,3,4,3,3,4,2,3,2,2,4,4
2023-12-24 12:10:07,2023-12-24 12:27:49,0,105.113.89.252,100,1061,1,2023-12-24 12:27:49,R_26OIxfMjJdaBfb3,,,,,6.4474,3.3903,anonymous,EN,1,1,1,1,2,1,4,1,1,4,4,1,4,4,2,4,4,4,4,2,2,4
2023-12-24 12:31:05,2023-12-24 12:34:53,0,146.70.104.19,100,227,1,2023-12-24 12:34:53,R_3jqz4uJUOBvcSsz,,,,,51.5064,-0.02,anonymous,EN,1,1,1,1,2,1,5,1,1,4,2,4,4,4,4,3,3,3,2,3,4,5
2023-12-24 12:35:01,2023-12-24 12:37:53,0,146.70.104.19,100,171,1,2023-12-24 12:37:53,R_6nIvXOetJO38ZnJ,,,,,51.5064,-0.02,anonymous,EN,1,1,1,1,2,2,5,1,1,4,2,4,3,2,4,3,3,4,2,2,4,5
2023-12-24 12:31:39,2023-12-24 12:40:27,0,105.113.89.252,100,528,1,2023-12-24 12:40:28,R_7OH0d7xXNpPnGfj,,,,,6.4474,3.3903,anonymous,EN,1,1,1,1,1,2,3,4,1,4,2,1,4,1,2,2,4,4,4,4,5,5
2023-12-24 12:37:56,2023-12-24 12:42:08,0,146.70.104.19,100,252,1,2023-12-24 12:42:09,R_8jUaqnyqouax3ec,,,,,51.5064,-0.02,anonymous,EN,1,1,1,1,2,1,6,1,1,2,3,4,4,2,4,4,3,3,3,2,4,4
2023-12-24 12:42:26,2023-12-24 12:46:58,0,146.70.104.19,100,271,1,2023-12-24 12:46:59,R_5CoggWZtR2Xpvnb,,,,,51.5064,-0.02,anonymous,EN,1,1,1,1,2,2,5,1,1,2,4,4,3,3,3,3,2,3,4,3,4,5
2023-12-24 12:47:03,2023-12-24 12:52:48,0,146.70.104.19,100,345,1,2023-12-24 12:52:49,R_8GQfcRKEIIvNh4n,,,,,51.5064,-0.02,anonymous,EN,1,1,1,1,2,1,5,1,1,3,4,4,4,3,3,3,3,4,3,3,4,4
2023-12-24 12:52:54,2023-12-24 13:03:11,0,146.70.104.19,100,617,1,2023-12-24 13:03:12,R_7PXOfJHJcfFdLjK,,,,,51.5064,-0.02,anonymous,EN,1,1,1,1,2,2,5,1,1,2,2,4,3,2,3,2,2,3,4,3,4,4
2023-12-24 13:04:27,2023-12-24 13:12:01,0,146.70.104.4,100,453,1,2023-12-24 13:12:01,R_5r60yrF8NeFFcPj,,,,,51.5064,-0.02,anonymous,EN,1,1,1,1,2,2,5,1,1,4,4,4,2,3,4,3,2,3,3,2,4,4
2023-12-24 13:12:08,2023-12-24 14:14:53,0,146.70.104.4,100,3765,1,2023-12-24 14:14:54,R_2HP26kNLawmduFz,,,,,51.5064,-0.02,anonymous,EN,1,1,1,1,2,2,5,1,1,3,2,4,3,3,2,3,2,4,3,4,4,4
2023-12-24 14:14:57,2023-12-24 14:16:30,0,146.70.104.4,100,92,1,2023-12-24 14:16:30,R_7rGwNzvChZysZzP,,,,,51.5064,-0.02,anonymous,EN,1,1,1,1,2,1,5,1,1,3,4,4,3,3,3,3,3,3,3,3,4,4
2023-12-24 14:16:33,2023-12-24 14:23:02,0,146.70.104.4,100,388,1,2023-12-24 14:23:02,R_5M5tGw2FwPoI02R,,,,,51.5064,-0.02,anonymous,EN,1,1,1,1,2,2,5,1,1,2,4,4,3,4,2,4,3,4,4,2,4,4
2023-12-24 14:23:10,2023-12-24 14:33:33,0,146.70.104.4,100,623,1,2023-12-24 14:33:33,R_8ijRvAvo6IwFVVn,,,,,51.5064,-0.02,anonymous,EN,2,1,1,1,2,1,5,1,1,3,2,4,3,3,2,3,3,3,3,2,4,4
2023-12-24 14:33:40,2023-12-24 14:36:50,0,146.70.104.4,100,189,1,2023-12-24 14:36:50,R_6MicrCI9gi2hBS1,,,,,51.5064,-0.02,anonymous,EN,1,1,1,1,2,2,5,1,1,2,4,3,3,2,2,3,3,2,3,3,4,4
2023-12-24 14:36:57,2023-12-24 14:40:45,0,146.70.104.4,100,228,1,2023-12-24 14:40:46,R_4oh4fmnK6utmJwJ,,,,,51.5064,-0.02,anonymous,EN,1,1,1,1,2,1,5,1,1,4,4,4,4,2,4,2,2,3,3,2,4,4
2023-12-24 14:41:26,2023-12-24 14:47:25,0,146.70.104.4,100,359,1,2023-12-24 14:47:26,R_2QE5Odp5Zo26kLA,,,,,51.5064,-0.02,anonymous,EN,1,1,1,1,2,1,5,1,1,3,3,4,3,3,3,3,3,2,3,2,4,4
2023-12-24 14:47:30,2023-12-24 14:49:29,0,146.70.104.4,100,119,1,2023-12-24 14:49:30,R_42lTjWfosr1oEUj,,,,,51.5064,-0.02,anonymous,EN,1,1,1,1,3,2,5,1,1,2,4,4,4,4,3,3,2,3,3,3,3,5
2023-12-24 14:49:32,2023-12-24 14:51:58,0,146.70.104.4,100,146,1,2023-12-24 14:51:59,R_6cPJe9Px6mOnwT7,,,,,51.5064,-0.02,anonymous,EN,1,1,1,1,2,2,5,1,1,3,3,4,4,3,3,3,4,4,4,3,3,3
2023-12-24 18:36:53,2023-12-24 18:40:38,0,102.91.4.62,100,225,1,2023-12-24 18:40:39,R_2Y2EEKjczUS81eJ,,,,,12.996,7.6049,anonymous,EN,1,1,1,1,2,2,5,1,1,3,3,2,2,4,3,3,3,4,3,3,3,5
2023-12-24 18:40:51,2023-12-24 18:43:08,0,102.91.4.62,100,136,1,2023-12-24 18:43:09,R_6mn0fSyw7buHI4e,,,,,12.996,7.6049,anonymous,EN,1,1,1,1,3,1,6,1,1,3,3,3,3,4,3,3,2,3,4,3,3,5
2023-12-24 18:43:12,2023-12-24 18:44:51,0,102.91.4.62,100,98,1,2023-12-24 18:44:51,R_1InJq0nGv0rp0fP,,,,,12.996,7.6049,anonymous,EN,1,1,1,1,2,2,4,2,1,2,2,2,3,4,4,4,3,4,4,3,4,5
2023-12-24 18:44:54,2023-12-24 18:47:24,0,102.91.4.62,100,149,1,2023-12-24 18:47:25,R_4uM8bAX8bxScH97,,,,,12.996,7.6049,anonymous,EN,1,1,1,1,4,1,7,1,2,3,2,4,2,4,2,3,4,4,4,2,3,5
2023-12-24 18:47:28,2023-12-24 18:49:25,0,102.91.4.62,100,117,1,2023-12-24 18:49:26,R_3RrPO4n04WA1q0x,,,,,12.996,7.6049,anonymous,EN,1,1,1,1,1,1,4,4,1,1,4,2,4,4,1,4,4,4,4,5,4,4
2023-12-24 18:49:30,2023-12-24 18:51:12,0,102.91.4.62,100,101,1,2023-12-24 18:51:13,R_1N3SMLVpxICUhH0,,,,,12.996,7.6049,anonymous,EN,1,1,1,1,2,2,6,1,1,3,3,2,4,4,2,4,4,4,5,4,3,5
2023-12-24 18:51:16,2023-12-24 18:53:09,0,102.91.4.62,100,113,1,2023-12-24 18:53:10,R_3DSvisaW1ipJbPy,,,,,12.996,7.6049,anonymous,EN,1,1,1,1,5,2,7,5,2,3,3,3,4,4,3,4,4,3,4,2,3,5
2023-12-24 18:53:13,2023-12-24 18:58:19,0,102.91.4.119,100,305,1,2023-12-24 18:58:20,R_7gESnKzdq6LzDnX,,,,,12.996,7.6049,anonymous,EN,1,1,1,1,1,2,3,4,1,3,5,1,4,4,4,4,3,4,5,3,3,4
2023-12-24 18:58:22,2023-12-24 19:00:13,0,102.91.4.119,100,110,1,2023-12-24 19:00:14,R_2RTVpH4JhnlPrdq,,,,,12.996,7.6049,anonymous,EN,1,1,1,1,2,2,5,6,1,2,4,3,4,4,3,4,4,4,4,3,4,4
2023-12-24 19:00:17,2023-12-24 19:01:46,0,102.91.4.119,100,89,1,2023-12-24 19:01:47,R_6kSxZ4ILL7LSvwS,,,,,12.996,7.6049,anonymous,EN,1,1,1,1,2,1,5,1,1,2,4,2,5,5,5,5,4,4,5,4,2,4
2023-12-24 19:01:50,2023-12-24 19:03:33,0,102.91.4.119,100,103,1,2023-12-24 19:03:34,R_5RpwhRLliLMW0SW,,,,,12.996,7.6049,anonymous,EN,1,1,1,1,1,1,5,2,1,1,4,2,4,4,4,4,4,5,5,3,4,5
2023-12-24 19:03:38,2023-12-24 19:05:33,0,102.91.4.119,100,114,1,2023-12-24 19:05:33,R_22JUSU4wvd5Y7bH,,,,,12.996,7.6049,anonymous,EN,1,1,1,1,5,1,6,5,3,3,3,4,3,3,2,3,3,2,4,3,4,5
2023-12-24 19:05:36,2023-12-24 19:11:09,0,102.91.4.119,100,333,1,2023-12-24 19:11:10,R_7VSURX9Qd8PWhrj,,,,,12.996,7.6049,anonymous,EN,1,1,1,1,2,2,5,6,1,3,4,3,3,3,3,3,3,4,4,3,3,5
2023-12-24 19:37:49,2023-12-24 21:10:32,0,105.113.18.1,100,5562,1,2023-12-24 21:10:32,R_2GPLReIdid02eXU,,,,,7.3782,3.9062,anonymous,EN,1,1,1,1,1,1,5,4,1,3,4,4,4,4,4,4,4,4,4,4,4,4
2023-12-24 21:09:15,2023-12-24 21:11:28,0,105.112.67.189,100,133,1,2023-12-24 21:11:29,R_2dcwRu8t7Omf79P,,,,,6.4474,3.3903,anonymous,EN,1,1,1,1,5,2,3,1,2,2,1,4,1,2,1,1,2,1,1,1,4,4
2023-12-24 21:23:40,2023-12-24 21:30:55,0,197.210.76.12,100,434,1,2023-12-24 21:30:55,R_2MaFm5LAbGCrN24,,,,,12.996,7.6049,anonymous,EN,1,1,1,1,1,2,3,4,1,2,4,1,5,5,5,5,5,5,4,5,1,5
2023-12-25 07:42:30,2023-12-25 07:45:39,0,105.112.231.146,100,188,1,2023-12-25 07:45:39,R_394RZhTDIBy7DgZ,,,,,12.996,7.6049,anonymous,EN,1,1,1,1,1,2,2,4,1,2,4,3,3,4,3,5,4,4,3,3,3,5
2023-12-25 07:52:31,2023-12-25 07:54:00,0,105.112.231.146,100,88,1,2023-12-25 07:54:01,R_6cA55TThSsup4dQ,,,,,12.996,7.6049,anonymous,EN,1,1,1,1,1,2,2,4,1,3,3,3,3,4,3,4,3,3,2,3,4,5
2023-12-25 07:54:16,2023-12-25 07:56:08,0,105.112.231.146,100,112,1,2023-12-25 07:56:08,R_3qvxpYDKXdXNWNc,,,,,12.996,7.6049,anonymous,EN,1,1,1,1,2,1,3,2,1,3,3,4,3,3,3,5,3,3,2,3,4,5
2023-12-25 08:13:57,2023-12-25 08:19:40,0,105.113.18.35,100,343,1,2023-12-25 08:19:41,R_1VeeEVG4o8syh9G,,,,,7.3782,3.9062,anonymous,EN,1,1,1,1,5,1,1,5,6,2,2,5,5,3,2,4,4,2,2,2,4,5
2023-12-25 10:18:08,2023-12-25 10:23:46,0,105.112.221.39,100,338,1,2023-12-25 10:23:46,R_8DnAv6IaVWX9BvN,,,,,10,8,anonymous,EN,1,1,1,1,1,2,5,4,1,2,4,4,4,4,4,2,4,4,4,2,4,4
2023-12-25 11:20:41,2023-12-25 11:30:51,0,105.112.114.217,100,610,1,2023-12-25 11:30:52,R_4n772uHVKNRf9hN,,,,,12.996,7.6049,anonymous,EN,1,1,1,1,1,1,3,4,1,3,3,5,3,4,1,5,3,3,3,1,5,3
2023-12-25 11:26:33,2023-12-25 11:31:01,0,105.112.29.205,100,267,1,2023-12-25 11:31:02,R_1H4DFFoG2VbeFy1,,,,,12.996,7.6049,anonymous,EN,1,1,1,1,1,2,2,4,1,3,3,2,3,4,3,5,3,3,3,4,3,5
2023-12-25 11:31:44,2023-12-25 11:33:48,0,105.112.29.205,100,124,1,2023-12-25 11:33:49,R_5c6DTJED57jomqu,,,,,12.996,7.6049,anonymous,EN,1,1,1,1,4,1,5,1,2,5,3,4,4,5,4,4,4,4,3,2,3,5
2023-12-25 11:45:15,2023-12-25 12:09:25,0,105.112.29.205,100,1449,1,2023-12-25 12:09:25,R_302WpknJriwMzem,,,,,12.996,7.6049,anonymous,EN,1,1,1,1,1,2,4,4,1,3,3,3,3,4,4,4,3,3,2,3,3,5
2023-12-25 12:12:11,2023-12-25 12:13:44,0,105.112.29.205,100,93,1,2023-12-25 12:13:45,R_23PF5Gav6TrjoAN,,,,,12.996,7.6049,anonymous,EN,1,1,1,1,1,2,4,4,1,3,4,4,3,4,3,4,3,3,3,4,3,5
2023-12-25 12:19:00,2023-12-25 12:23:54,0,105.112.220.31,100,293,1,2023-12-25 12:23:54,R_8oAIasIKkivGgoh,,,,,6.2132,7.067,anonymous,EN,1,1,1,1,2,1,6,2,2,3,4,2,4,4,4,2,2,4,4,4,4,4
2023-12-25 13:16:35,2023-12-25 13:17:54,0,105.112.29.205,100,78,1,2023-12-25 13:17:54,R_5tRG3KU2LDT66KB,,,,,12.996,7.6049,anonymous,EN,1,1,1,1,1,2,4,4,1,3,3,4,2,4,3,5,3,3,2,3,3,5
2023-12-25 13:18:44,2023-12-25 13:20:29,0,105.112.29.205,100,105,1,2023-12-25 13:20:30,R_7Hqoubb9iEQAwqK,,,,,12.996,7.6049,anonymous,EN,1,1,1,1,1,2,4,3,1,3,2,3,3,4,3,4,3,3,3,4,4,5
2023-12-25 13:21:10,2023-12-25 13:25:54,0,105.112.29.205,100,284,1,2023-12-25 13:25:54,R_3FfbB4xIfL9aKIm,,,,,12.996,7.6049,anonymous,EN,1,1,1,1,1,2,3,4,1,2,4,3,3,4,4,4,3,2,1,3,3,5
2023-12-25 13:39:12,2023-12-25 13:41:29,0,105.112.29.205,100,136,1,2023-12-25 13:41:30,R_4MaqOuW1DARGSny,,,,,12.996,7.6049,anonymous,EN,1,1,1,1,1,2,1,2,1,2,4,2,3,4,3,4,3,3,2,3,3,5
2023-12-25 13:41:59,2023-12-25 13:45:43,0,105.112.29.205,100,223,1,2023-12-25 13:45:43,R_7vYJ4TcQsavLiZX,,,,,12.996,7.6049,anonymous,EN,1,1,1,1,1,2,4,4,1,2,3,5,3,5,3,5,2,3,5,3,4,5
2023-12-25 13:47:02,2023-12-25 13:50:30,0,105.112.29.205,100,207,1,2023-12-25 13:50:30,R_2wG9IfbCtZDe2k1,,,,,12.996,7.6049,anonymous,EN,1,1,1,1,5,2,5,5,6,4,2,4,3,5,3,5,3,3,4,3,3,5
2023-12-25 13:51:23,2023-12-25 13:54:41,0,105.112.29.205,100,198,1,2023-12-25 13:54:42,R_2Ii2QrhhyE1uaoQ,,,,,12.996,7.6049,anonymous,EN,1,1,1,1,1,2,1,2,1,2,4,3,2,4,3,4,3,3,3,3,2,5
2023-12-25 13:55:07,2023-12-25 13:59:15,0,105.112.29.205,100,247,1,2023-12-25 13:59:16,R_6rlbUvIUFiQYQOF,,,,,12.996,7.6049,anonymous,EN,1,1,1,1,1,1,3,3,1,2,2,3,3,2,2,4,1,3,1,3,2,5
2023-12-25 14:00:29,2023-12-25 14:05:41,0,105.112.29.205,100,311,1,2023-12-25 14:05:41,R_40p9zREuqaw2nbu,,,,,12.996,7.6049,anonymous,EN,1,1,1,1,1,2,3,3,1,1,5,1,2,5,4,5,2,4,3,3,3,5
2023-12-25 14:05:53,2023-12-25 14:07:54,0,105.112.29.205,100,120,1,2023-12-25 14:07:54,R_291XxuBghqOoMKZ,,,,,12.996,7.6049,anonymous,EN,1,1,1,1,1,2,3,4,1,1,3,3,3,5,4,5,3,4,2,3,4,5
2023-12-25 14:08:03,2023-12-25 14:11:51,0,105.112.29.205,100,228,1,2023-12-25 14:11:52,R_4T66Va4e7WRqQvL,,,,,12.996,7.6049,anonymous,EN,1,1,1,1,1,2,2,4,1,1,5,2,3,4,4,4,2,3,4,4,3,5
2023-12-25 14:12:01,2023-12-25 14:13:48,0,105.112.29.205,100,106,1,2023-12-25 14:13:48,R_1S6lGzOWR7My3JH,,,,,12.996,7.6049,anonymous,EN,1,1,1,1,1,2,3,4,1,3,3,3,4,4,4,4,4,2,2,3,2,5
2023-12-24 21:31:58,2023-12-25 14:45:44,0,102.91.4.78,100,62026,1,2023-12-25 14:45:45,R_7oEG0iSTfZFUr24,,,,,12.996,7.6049,anonymous,EN,1,1,1,1,2,2,5,2,1,3,5,4,5,5,4,4,5,5,5,5,1,5
2023-12-25 14:46:17,2023-12-25 14:50:45,0,197.210.70.219,100,267,1,2023-12-25 14:50:45,R_8fwpu2LiPiFEz40,,,,,12.996,7.6049,anonymous,EN,1,1,1,1,5,1,4,5,6,3,4,5,4,4,4,5,5,5,4,4,2,5
2023-12-25 19:24:52,2023-12-25 19:28:34,0,102.91.49.93,100,222,1,2023-12-25 19:28:35,R_6f8QDmw8WBeYA4u,,,,,12.996,7.6049,anonymous,EN,1,1,1,1,2,2,5,1,1,3,4,4,2,5,4,5,5,5,5,5,1,5
2023-12-25 19:28:59,2023-12-25 19:33:45,0,102.91.46.108,100,286,1,2023-12-25 19:33:46,R_1LnvFtwy2fBh4xb,,,,,12.996,7.6049,anonymous,EN,1,1,1,1,3,2,6,1,1,5,4,5,5,1,5,1,5,5,5,5,4,5
2023-12-25 19:36:27,2023-12-25 19:47:48,0,102.91.48.19,100,680,1,2023-12-25 19:47:48,R_1z6du1zgc737OxI,,,,,12.996,7.6049,anonymous,EN,1,1,1,1,4,1,5,1,,4,5,5,3,4,2,5,4,4,5,3,4,5
2023-12-25 19:48:24,2023-12-25 20:04:21,0,102.91.48.7,100,957,1,2023-12-25 20:04:21,R_1PbVWXn8aCCya8s,,,,,12.996,7.6049,anonymous,EN,1,1,1,1,1,1,3,4,1,2,5,2,5,4,5,5,5,5,5,5,3,5
2023-12-25 20:04:37,2023-12-25 20:07:10,0,102.91.48.7,100,153,1,2023-12-25 20:07:11,R_3iIl444JfE1NroT,,,,,12.996,7.6049,anonymous,EN,1,1,1,1,1,2,5,3,1,2,2,3,3,4,4,4,3,3,4,3,3,5
2023-12-25 20:07:26,2023-12-25 20:12:01,0,102.91.48.7,100,275,1,2023-12-25 20:12:02,R_61P5XL4ORMt3Qjv,,,,,12.996,7.6049,anonymous,EN,1,1,1,1,2,2,5,2,1,2,4,4,3,4,3,5,3,4,3,3,4,5
2023-12-25 20:12:17,2023-12-25 20:16:07,0,102.91.49.93,100,230,1,2023-12-25 20:16:08,R_5GkUZhwUGbKNbqq,,,,,12.996,7.6049,anonymous,EN,1,1,1,1,1,2,4,4,1,2,3,3,4,5,4,4,3,3,2,3,2,5
2023-12-25 20:16:29,2023-12-25 20:17:44,0,197.210.76.226,100,75,1,2023-12-25 20:17:45,R_4zz0FmnYkMKhhwB,,,,,12.996,7.6049,anonymous,EN,1,1,1,1,1,2,4,4,1,1,3,4,3,2,4,4,4,3,4,5,4,5
2023-12-25 20:21:05,2023-12-25 20:23:36,0,197.210.77.132,100,151,1,2023-12-25 20:23:37,R_7rpk0uGCVnyoXpT,,,,,12.996,7.6049,anonymous,EN,1,1,1,1,2,2,4,3,1,3,4,3,3,3,4,4,4,4,4,3,4,5
2023-12-25 20:23:50,2023-12-25 20:27:57,0,102.91.48.97,100,247,1,2023-12-25 20:27:58,R_37BsHdR6ssVcUnW,,,,,12.996,7.6049,anonymous,EN,1,1,1,1,1,2,4,4,1,2,2,3,3,4,4,3,4,4,4,3,4,5
2023-12-25 20:28:12,2023-12-25 20:33:02,0,197.210.53.253,100,289,1,2023-12-25 20:33:02,R_7gCI1cVZjdfp4JP,,,,,12.996,7.6049,anonymous,EN,1,1,1,1,2,2,5,3,1,2,2,2,4,4,4,4,4,4,4,4,3,5
2023-12-25 20:34:34,2023-12-25 20:39:17,0,197.210.76.37,100,282,1,2023-12-25 20:39:17,R_6QnDioAawtYiDzy,,,,,12.996,7.6049,anonymous,EN,1,1,1,1,1,2,1,1,2,3,4,4,4,3,4,5,3,4,2,3,3,5
2023-12-25 20:39:45,2023-12-25 20:43:16,0,197.210.52.123,100,211,1,2023-12-25 20:43:17,R_80YrFfNqGkTalS6,,,,,12.996,7.6049,anonymous,EN,1,1,1,1,1,2,5,3,1,2,2,4,3,4,3,3,3,3,3,4,5,5
2023-12-25 20:44:24,2023-12-25 20:46:46,0,197.210.53.58,100,141,1,2023-12-25 20:46:46,R_7oGDUSS0YdbfChv,,,,,12.996,7.6049,anonymous,EN,1,1,1,1,2,1,5,3,2,2,2,4,3,4,4,4,3,3,2,3,3,5
2023-12-25 20:46:58,2023-12-25 20:48:58,0,197.210.53.58,100,119,1,2023-12-25 20:48:58,R_2HqOC6MjQCOuLGO,,,,,12.996,7.6049,anonymous,EN,1,1,1,1,2,2,1,2,2,2,3,5,4,4,4,5,3,3,2,4,2,5
2023-12-25 20:49:12,2023-12-25 20:52:38,0,197.210.77.218,100,206,1,2023-12-25 20:52:38,R_32cltw6Vm7bY4ug,,,,,12.996,7.6049,anonymous,EN,1,1,1,1,1,2,4,4,1,2,2,4,3,4,4,4,4,4,2,4,4,5
2023-12-25 20:53:08,2023-12-25 21:14:51,0,102.91.46.52,100,1302,1,2023-12-25 21:14:52,R_3oZrT0WCOI2q6fg,,,,,12.996,7.6049,anonymous,EN,1,1,1,1,1,2,4,4,1,1,4,4,3,5,4,4,3,2,2,4,4,5
2023-12-25 21:15:28,2023-12-25 21:19:16,0,102.91.46.52,100,227,1,2023-12-25 21:19:16,R_6AYAeW0UuqVS1IS,,,,,12.996,7.6049,anonymous,EN,1,1,1,1,1,2,5,4,1,2,3,2,4,5,5,5,4,4,4,4,3,5
2023-12-24 21:12:23,2023-12-26 10:27:27,0,105.113.17.255,100,134103,1,2023-12-26 10:27:27,R_8RpgVvCl9dyjzX3,,,,,7.3782,3.9062,anonymous,EN,1,1,1,1,1,1,5,3,1,5,1,5,4,1,1,2,4,4,2,2,5,5
2023-12-26 10:27:29,2023-12-26 10:29:29,0,105.113.17.62,100,119,1,2023-12-26 10:29:30,R_6tUVmXE6QjXRCdr,,,,,7.3782,3.9062,anonymous,EN,1,1,1,1,1,2,1,1,1,1,4,2,2,4,4,4,2,4,2,4,4,4
2023-12-26 10:29:35,2023-12-26 10:32:09,0,105.113.17.62,100,154,1,2023-12-26 10:32:10,R_5JqrZnrYfW7xsK1,,,,,7.3782,3.9062,anonymous,EN,1,1,1,1,2,2,5,1,1,3,2,4,4,2,2,5,4,4,4,2,5,5
2023-12-27 07:12:48,2023-12-27 07:16:21,0,105.119.2.188,100,212,1,2023-12-27 07:16:22,R_154zcKCOps1ylyN,,,,,10,8,anonymous,EN,1,1,1,1,4,2,7,1,2,5,1,5,4,1,1,4,4,4,2,2,5,5
2023-12-27 13:58:35,2023-12-27 13:59:48,0,105.119.3.117,100,73,1,2023-12-27 13:59:48,R_5ZVPUhB10yy9ENp,,,,,10,8,anonymous,EN,1,1,1,1,1,1,4,2,1,2,4,4,2,4,4,4,4,4,4,4,4,4
2023-12-27 13:59:50,2023-12-27 14:00:41,0,105.119.3.117,100,50,1,2023-12-27 14:00:41,R_73EyftYlGtDahlM,,,,,6.4474,3.3903,anonymous,EN,1,1,1,1,2,2,4,3,1,1,3,3,3,3,3,3,3,3,3,3,3,3
2023-12-27 14:00:42,2023-12-27 14:01:36,0,105.119.3.117,100,54,1,2023-12-27 14:01:37,R_1Le4iIxrytGFgaG,,,,,10,8,anonymous,EN,1,1,1,1,5,1,7,1,2,2,3,3,3,3,3,3,3,3,3,3,3,3
2023-12-27 14:01:38,2023-12-27 14:02:24,0,105.119.3.117,100,45,1,2023-12-27 14:02:24,R_1YwFRu05HH8BdNT,,,,,10,8,anonymous,EN,1,1,1,1,3,2,5,1,1,3,4,4,3,3,4,4,4,4,4,4,4,4
2023-12-27 14:02:25,2023-12-27 14:03:19,0,105.119.3.117,100,54,1,2023-12-27 14:03:20,R_6CDuCaXv8IYLoqe,,,,,10,8,anonymous,EN,1,1,1,1,2,2,5,1,1,2,2,2,2,3,2,3,3,2,2,2,2,4
2023-12-27 14:03:20,2023-12-27 14:07:45,0,105.119.2.195,100,265,1,2023-12-27 14:07:46,R_2kjxeVsMCugWuS5,,,,,8.4929,4.5642,anonymous,EN,1,1,1,1,1,1,3,4,1,3,3,4,4,4,3,3,4,3,3,3,3,4
2023-12-27 14:07:47,2023-12-27 14:09:13,0,105.119.2.195,100,85,1,2023-12-27 14:09:13,R_3j2wVV9clDrobzZ,,,,,10,8,anonymous,EN,1,1,1,1,2,2,5,1,1,2,2,3,3,2,3,4,4,3,2,2,2,4
2023-12-27 07:16:40,2023-12-27 16:04:19,0,105.119.2.95,100,31658,1,2023-12-27 16:04:19,R_1PTaZyv91kjugzi,,,,,10,8,anonymous,EN,1,1,1,1,1,2,3,4,1,2,4,3,3,4,5,4,3,3,4,5,5,5
2023-12-27 16:04:23,2023-12-27 18:04:19,0,105.113.16.67,100,7196,1,2023-12-27 18:04:20,R_6m4wuK5ljQ2PMfd,,,,,7.3782,3.9062,anonymous,EN,1,1,1,1,3,1,5,1,2,3,2,4,4,2,2,2,2,4,3,4,1,5
2024-02-25 17:50:06,2024-02-25 18:25:06,0,51.219.242.37,100,2099,1,2024-02-25 18:25:07,R_33m1N3b6cwXYGFI,,,,,53.2068,-2.9886,anonymous,EN,1,1,1,1,1,1,1,6,1,1,1,1,1,1,1,1,1,1,1,1,1,1
